members,size,support,days_seen,weeks_seen,support_first_half,support_second_half,top_weekday_share,top_hour_share,night_episode_share,night_share_mean,mean_episode_students,large_episode_share,support_without_large,survives_without_large,sessions_1h,min_lift,max_lift,episodes_version,minsup,jaccard_threshold,max_gap_slots,rssi_threshold
47 449,2,523,24,4,279,244,0.2084,0.0784,0.4493,0.4407,4.912,0.0096,518,True,50,24.381,24.381,episodes_v1,200,0.7,1,-90
448 449,2,469,24,4,255,214,0.2004,0.0832,0.467,0.4573,5.6738,0.0299,455,True,59,13.572,13.572,episodes_v1,200,0.7,1,-90
47 448,2,451,25,4,244,207,0.1863,0.0843,0.49,0.4794,4.7029,0.0067,448,True,50,16.3035,16.3035,episodes_v1,200,0.7,1,-90
47 448 449,3,438,24,4,243,195,0.1918,0.0845,0.484,0.4737,4.6324,0.0046,436,True,48,18.8307,33.8277,episodes_v1,200,0.7,1,-90
64 262,2,422,21,4,189,233,0.2085,0.1232,0.5972,0.5968,5.0569,0.0118,417,True,35,11.3923,11.3923,episodes_v1,200,0.7,1,-90
90 91,2,422,27,4,182,240,0.2393,0.0829,0.4621,0.4632,5.846,0.0237,412,True,75,21.0815,21.0815,episodes_v1,200,0.7,1,-90
292 309,2,417,20,4,210,207,0.3549,0.1966,0.0,0.0,33.9496,0.4604,225,True,20,37.4302,37.4302,episodes_v1,200,0.7,1,-90
292 427,2,412,20,4,203,209,0.284,0.216,0.0,0.0,33.8131,0.4466,228,True,20,27.3673,27.3673,episodes_v1,200,0.7,1,-90
542 635,2,405,21,4,180,225,0.2099,0.1111,0.6593,0.6504,4.1531,0.0,405,True,41,33.7577,33.7577,episodes_v1,200,0.7,1,-90
64 525,2,389,25,4,174,215,0.2314,0.1208,0.5938,0.592,7.563,0.0386,374,True,56,11.2007,11.2007,episodes_v1,200,0.7,1,-90
292 325,2,387,17,4,180,207,0.3876,0.2119,0.0,0.0,32.7209,0.4367,218,True,17,24.7208,24.7208,episodes_v1,200,0.7,1,-90
448 542,2,387,20,4,165,222,0.1809,0.1059,0.5556,0.5448,4.9354,0.0103,383,True,51,14.4547,14.4547,episodes_v1,200,0.7,1,-90
64 90,2,384,25,4,154,230,0.2005,0.0833,0.4714,0.4726,7.9505,0.0547,363,True,73,12.431,12.431,episodes_v1,200,0.7,1,-90
64 91,2,384,27,4,161,223,0.2318,0.0885,0.5391,0.5384,5.1198,0.0104,380,True,75,13.8165,13.8165,episodes_v1,200,0.7,1,-90
325 427,2,381,17,4,162,219,0.2992,0.2651,0.0,0.0,34.9475,0.4646,204,True,17,18.0105,18.0105,episodes_v1,200,0.7,1,-90
119 175,2,379,20,4,117,262,0.2639,0.1768,0.0792,0.0822,30.4274,0.3879,232,True,24,21.5294,21.5294,episodes_v1,200,0.7,1,-90
283 441,2,370,20,4,201,169,0.3703,0.1892,0.0135,0.0146,30.2216,0.3703,233,True,20,20.7826,20.7826,episodes_v1,200,0.7,1,-90
22 651,2,368,23,4,212,156,0.2717,0.125,0.519,0.5199,4.2935,0.0,368,True,36,19.1762,19.1762,episodes_v1,200,0.7,1,-90
262 525,2,366,23,4,151,215,0.2213,0.1175,0.6284,0.6271,4.4727,0.0027,365,True,32,12.2017,12.2017,episodes_v1,200,0.7,1,-90
12 13,2,364,24,4,208,156,0.217,0.0879,0.467,0.4642,11.7995,0.0934,330,True,64,14.526,14.526,episodes_v1,200,0.7,1,-90
309 427,2,361,20,4,176,185,0.3102,0.1967,0.0,0.0,36.0055,0.4737,190,False,20,23.9796,23.9796,episodes_v1,200,0.7,1,-90
292 309 427,3,351,20,4,173,178,0.3162,0.1909,0.0,0.0,35.8433,0.4758,184,False,20,28.012,43.7244,episodes_v1,200,0.7,1,-90
309 325,2,338,17,4,160,178,0.4379,0.2012,0.0,0.0,34.7781,0.4556,184,False,17,21.5907,21.5907,episodes_v1,200,0.7,1,-90
34 309,2,336,18,4,155,181,0.3512,0.1964,0.0,0.0,35.1101,0.4732,177,False,20,39.3488,39.3488,episodes_v1,200,0.7,1,-90
62 286,2,334,28,4,184,150,0.2635,0.0928,0.4222,0.4215,4.0808,0.0,334,True,63,28.5071,28.5071,episodes_v1,200,0.7,1,-90
41 383,2,333,17,4,190,143,0.3514,0.2372,0.0,0.0,39.1982,0.6006,133,False,18,38.1462,38.1462,episodes_v1,200,0.7,1,-90
292 309 325,3,329,17,4,157,172,0.4438,0.1976,0.0,0.0,34.4468,0.4559,179,False,17,25.2492,43.7726,episodes_v1,200,0.7,1,-90
92 386,2,329,20,4,166,163,0.2462,0.2006,0.0,0.0,28.9605,0.4529,180,False,23,40.9795,40.9795,episodes_v1,200,0.7,1,-90
292 325 427,3,325,17,4,143,182,0.3477,0.2092,0.0,0.0,34.7877,0.4554,177,False,17,25.245,38.3603,episodes_v1,200,0.7,1,-90
220 651,2,324,21,4,165,159,0.2963,0.0988,0.5494,0.5509,4.3981,0.0,324,True,35,14.7384,14.7384,episodes_v1,200,0.7,1,-90
64 90 91,3,324,25,4,142,182,0.2315,0.0864,0.5586,0.5601,4.963,0.0093,321,True,64,17.5971,29.8425,episodes_v1,200,0.7,1,-90
22 220,2,321,23,4,203,118,0.2991,0.0935,0.4766,0.4764,4.6262,0.0062,319,True,44,13.1081,13.1081,episodes_v1,200,0.7,1,-90
175 309,2,320,19,4,148,172,0.2312,0.1938,0.0,0.0,40.5906,0.5656,139,False,20,21.0079,21.0079,episodes_v1,200,0.7,1,-90
190 372,2,320,11,4,89,231,0.3875,0.1625,0.0812,0.0819,28.7938,0.3969,193,False,14,30.5068,30.5068,episodes_v1,200,0.7,1,-90
175 292,2,318,19,4,152,166,0.2327,0.1918,0.0,0.0,39.761,0.5723,136,False,20,20.8766,20.8766,episodes_v1,200,0.7,1,-90
34 292,2,318,18,4,161,157,0.3742,0.1824,0.0,0.0,33.9748,0.4497,175,False,18,37.2408,37.2408,episodes_v1,200,0.7,1,-90
136 137,2,317,23,4,191,126,0.3628,0.0631,0.3565,0.3573,15.142,0.205,252,True,55,18.4157,18.4157,episodes_v1,200,0.7,1,-90
448 635,2,317,21,4,142,175,0.183,0.1262,0.6688,0.6564,4.4322,0.0032,316,True,41,15.8747,15.8747,episodes_v1,200,0.7,1,-90
64 262 525,3,317,21,4,139,178,0.2303,0.1325,0.6656,0.6641,4.6151,0.0032,316,True,29,19.8512,21.6254,episodes_v1,200,0.7,1,-90
441 580,2,316,22,4,147,169,0.4082,0.2278,0.0063,0.0065,34.0285,0.4272,181,False,26,28.4409,28.4409,episodes_v1,200,0.7,1,-90
448 542 635,3,313,20,4,138,175,0.1853,0.1278,0.6773,0.6648,4.3642,0.0,313,True,38,17.3773,40.5834,episodes_v1,200,0.7,1,-90
72 359,2,313,18,4,187,126,0.2907,0.2332,0.0192,0.0176,34.3642,0.508,154,False,17,18.8624,18.8624,episodes_v1,200,0.7,1,-90
34 292 309,3,304,18,4,151,153,0.3816,0.1875,0.0,0.0,34.6645,0.4605,164,False,18,40.6872,42.9902,episodes_v1,200,0.7,1,-90
11 12,2,303,24,4,183,120,0.2277,0.0858,0.4917,0.4896,3.5347,0.0,303,True,65,20.3082,20.3082,episodes_v1,200,0.7,1,-90
175 427,2,301,19,4,145,156,0.2425,0.196,0.0,0.0,40.6013,0.5581,133,False,20,14.6234,14.6234,episodes_v1,200,0.7,1,-90
286 401,2,301,27,4,173,128,0.3754,0.0963,0.3189,0.3199,14.4252,0.1728,249,True,54,13.9978,13.9978,episodes_v1,200,0.7,1,-90
175 292 309,3,299,19,4,141,158,0.2441,0.1973,0.0,0.0,40.1338,0.5719,128,False,20,23.5834,42.2832,episodes_v1,200,0.7,1,-90
72 149,2,299,17,4,182,117,0.3712,0.2542,0.0201,0.0184,33.9465,0.5251,142,False,17,22.9953,22.9953,episodes_v1,200,0.7,1,-90
175 243,2,297,19,4,144,153,0.2559,0.1886,0.0034,0.0044,41.4579,0.5758,126,False,23,20.7399,20.7399,episodes_v1,200,0.7,1,-90
243 309,2,297,20,4,146,151,0.2626,0.1953,0.0,0.0,40.468,0.569,128,False,22,28.3569,28.3569,episodes_v1,200,0.7,1,-90
243 292,2,291,20,4,146,145,0.268,0.1959,0.0,0.0,41.3093,0.5876,120,False,22,27.784,27.784,episodes_v1,200,0.7,1,-90
283 580,2,289,18,4,159,130,0.4567,0.2249,0.0,0.0015,34.8858,0.4464,160,False,20,22.4969,22.4969,episodes_v1,200,0.7,1,-90
34 427,2,289,17,4,128,161,0.3218,0.1834,0.0,0.0,35.9204,0.4706,153,False,17,25.046,25.046,episodes_v1,200,0.7,1,-90
83 651,2,287,22,4,129,158,0.223,0.108,0.4425,0.4494,4.7526,0.0035,286,True,62,18.1769,18.1769,episodes_v1,200,0.7,1,-90
10 515,2,286,15,4,103,183,0.5699,0.1643,0.0,0.0,28.0909,0.3776,178,False,18,44.6244,44.6244,episodes_v1,200,0.7,1,-90
175 292 427,3,286,19,4,140,146,0.2448,0.2028,0.0,0.0,40.5664,0.5664,124,False,20,22.8318,42.729,episodes_v1,200,0.7,1,-90
149 359,2,285,16,4,165,120,0.3193,0.2807,0.0175,0.0158,37.8526,0.5509,128,False,16,12.6768,12.6768,episodes_v1,200,0.7,1,-90
309 325 427,3,285,17,4,122,163,0.386,0.1965,0.0,0.0,37.3614,0.4912,145,False,17,25.2654,33.639,episodes_v1,200,0.7,1,-90
243 292 309,3,281,20,4,139,142,0.274,0.2028,0.0,0.0,40.7865,0.5836,117,False,22,32.2337,43.4247,episodes_v1,200,0.7,1,-90
34 292 427,3,281,17,4,128,153,0.331,0.1851,0.0,0.0,35.7865,0.4733,148,False,17,29.4071,43.7252,episodes_v1,200,0.7,1,-90
83 105,2,280,26,4,142,138,0.2143,0.1,0.4786,0.4819,5.2107,0.0107,277,True,70,15.2596,15.2596,episodes_v1,200,0.7,1,-90
175 309 427,3,279,19,4,133,146,0.2509,0.2079,0.0,0.0,40.8136,0.5556,124,False,20,25.4195,41.6832,episodes_v1,200,0.7,1,-90
292 309 325 427,4,279,17,4,121,158,0.3907,0.1971,0.0,0.0,37.0358,0.491,142,False,17,25.4382,45.139,episodes_v1,200,0.7,1,-90
243 427,2,278,20,4,133,145,0.259,0.2122,0.0,0.0,42.5468,0.5863,115,False,22,19.6425,19.6425,episodes_v1,200,0.7,1,-90
100 177,2,276,19,4,172,104,0.3152,0.1486,0.029,0.029,37.5145,0.5217,132,False,25,23.0007,23.0007,episodes_v1,200,0.7,1,-90
243 520,2,274,19,4,121,153,0.2956,0.219,0.0,0.0,40.8175,0.5657,119,False,19,43.6887,43.6887,episodes_v1,200,0.7,1,-90
11 13,2,273,25,4,166,107,0.2454,0.0952,0.5201,0.5178,3.5421,0.0,273,True,62,21.2639,21.2639,episodes_v1,200,0.7,1,-90
34 309 427,3,273,17,4,119,154,0.3297,0.1941,0.0,0.0,37.0696,0.4908,139,False,17,27.0393,44.3696,episodes_v1,200,0.7,1,-90
359 677,2,273,20,4,85,188,0.293,0.1026,0.5824,0.5838,10.4103,0.0806,251,True,49,12.5618,12.5618,episodes_v1,200,0.7,1,-90
240 476,2,272,27,4,124,148,0.2132,0.1029,0.4449,0.43,10.0515,0.0772,251,True,51,16.0883,16.0883,episodes_v1,200,0.7,1,-90
330 383,2,272,16,4,136,136,0.4265,0.2537,0.0,0.0,42.1544,0.6544,94,False,18,34.1172,34.1172,episodes_v1,200,0.7,1,-90
175 292 309 427,4,270,19,4,130,140,0.2556,0.2111,0.0,0.0,40.6407,0.5593,119,False,20,25.3004,52.9896,episodes_v1,200,0.7,1,-90
243 292 427,3,268,20,4,131,137,0.2649,0.2015,0.0,0.0,42.0485,0.5858,111,False,22,30.6489,43.3524,episodes_v1,200,0.7,1,-90
34 292 309 427,4,268,17,4,119,149,0.3358,0.194,0.0,0.0,36.6679,0.4888,137,False,17,29.3382,52.5971,episodes_v1,200,0.7,1,-90
34 325,2,268,16,4,125,143,0.4328,0.2015,0.0,0.0,33.9067,0.4403,150,False,16,22.3353,22.3353,episodes_v1,200,0.7,1,-90
237 299,2,267,18,4,163,104,0.3221,0.2584,0.0037,0.0043,37.221,0.5318,125,False,20,41.6016,41.6016,episodes_v1,200,0.7,1,-90
105 292,2,263,20,4,137,126,0.2586,0.2281,0.0,0.0,38.4563,0.5361,122,False,21,16.3358,16.3358,episodes_v1,200,0.7,1,-90
175 243 309,3,263,19,4,125,138,0.251,0.2091,0.0,0.0,42.3118,0.6008,105,False,20,29.1253,39.822,episodes_v1,200,0.7,1,-90
243 309 427,3,263,20,4,126,137,0.27,0.2053,0.0,0.0,41.8821,0.5817,110,False,22,29.4694,42.5436,episodes_v1,200,0.7,1,-90
34 292 325,3,263,16,4,125,138,0.4411,0.2015,0.0,0.0,33.7186,0.4411,147,False,16,26.4678,44.1311,episodes_v1,200,0.7,1,-90
105 243,2,261,20,4,145,116,0.2835,0.2146,0.0,0.0,39.3027,0.5441,119,False,22,17.2442,17.2442,episodes_v1,200,0.7,1,-90
158 688,2,261,13,4,76,185,0.2682,0.2222,0.0,0.0005,37.5057,0.6092,102,False,16,31.1117,31.1117,episodes_v1,200,0.7,1,-90
175 243 292,3,261,19,4,128,133,0.2529,0.2107,0.0,0.0,42.3218,0.613,101,False,20,29.4997,39.5191,episodes_v1,200,0.7,1,-90
105 309,2,260,20,4,137,123,0.2654,0.2192,0.0,0.0,38.8077,0.5346,121,False,20,16.1495,16.1495,episodes_v1,200,0.7,1,-90
243 435,2,260,20,4,138,122,0.2962,0.1846,0.0,0.0,36.7077,0.5038,129,False,21,35.9449,35.9449,episodes_v1,200,0.7,1,-90
175 325,2,259,16,4,108,151,0.2857,0.2201,0.0,0.0,40.6718,0.5637,113,False,18,12.1003,12.1003,episodes_v1,200,0.7,1,-90
34 309 325,3,259,16,4,118,141,0.4402,0.2085,0.0,0.0,34.6834,0.4517,142,False,16,24.6689,44.9586,episodes_v1,200,0.7,1,-90
105 175,2,258,20,4,138,120,0.2442,0.2442,0.0039,0.0039,39.0194,0.5426,118,False,24,11.7207,11.7207,episodes_v1,200,0.7,1,-90
175 493,2,258,19,4,117,141,0.2791,0.2093,0.0,0.0,40.4264,0.562,113,False,19,20.6466,20.6466,episodes_v1,200,0.7,1,-90
243 292 309 427,4,258,20,4,124,134,0.2713,0.2093,0.0,0.0,41.5078,0.5814,108,False,22,30.5553,55.3326,episodes_v1,200,0.7,1,-90
72 149 359,3,257,16,4,152,105,0.323,0.2607,0.0195,0.0175,35.4553,0.537,119,False,16,24.0861,43.6915,episodes_v1,200,0.7,1,-90
292 435,2,256,20,4,134,122,0.2656,0.1953,0.0,0.0,36.625,0.5195,123,False,21,33.2726,33.2726,episodes_v1,200,0.7,1,-90
383 682,2,256,15,4,102,154,0.3242,0.1914,0.0391,0.0396,38.6641,0.5703,110,False,18,23.4732,23.4732,episodes_v1,200,0.7,1,-90
11 12 13,3,255,22,4,156,99,0.251,0.102,0.5569,0.5543,3.5686,0.0,255,True,52,25.9809,38.0322,episodes_v1,200,0.7,1,-90
34 292 309 325,4,255,16,4,118,137,0.4471,0.2078,0.0,0.0,34.3843,0.451,140,False,16,26.8445,53.4512,episodes_v1,200,0.7,1,-90
44 148,2,255,21,4,81,174,0.2431,0.0784,0.3922,0.3836,5.1255,0.0196,250,True,48,18.4193,18.4193,episodes_v1,200,0.7,1,-90
64 559,2,255,23,4,94,161,0.3686,0.3294,0.0078,0.0078,24.7922,0.2941,180,False,26,12.7609,12.7609,episodes_v1,200,0.7,1,-90
175 243 292 309,4,254,19,4,121,133,0.2559,0.2165,0.0,0.0,42.0669,0.6063,100,False,20,29.7302,61.4543,episodes_v1,200,0.7,1,-90
164 304,2,252,21,4,148,104,0.2937,0.2619,0.0079,0.0085,21.254,0.2619,186,False,26,42.3256,42.3256,episodes_v1,200,0.7,1,-90
300 301,2,252,23,4,167,85,0.3056,0.0833,0.0873,0.0872,17.8452,0.1984,202,True,59,43.5864,43.5864,episodes_v1,200,0.7,1,-90
309 435,2,252,20,4,131,121,0.2698,0.1984,0.0,0.0,36.6111,0.5198,121,False,21,32.7528,32.7528,episodes_v1,200,0.7,1,-90
44 69,2,252,20,4,95,157,0.3214,0.0833,0.3929,0.3868,13.2659,0.1429,216,True,32,18.6392,18.6392,episodes_v1,200,0.7,1,-90
292 493,2,251,20,4,121,130,0.3028,0.2191,0.0,0.0,41.4622,0.5817,105,False,20,27.4635,27.4635,episodes_v1,200,0.7,1,-90
309 493,2,251,20,4,121,130,0.3068,0.2231,0.0,0.0,41.6773,0.5777,106,False,20,27.4635,27.4635,episodes_v1,200,0.7,1,-90
105 292 309,3,250,20,4,131,119,0.268,0.228,0.0,0.0,39.184,0.548,113,False,20,18.6563,43.2404,episodes_v1,200,0.7,1,-90
158 383,2,250,14,4,107,143,0.348,0.188,0.0,0.0005,41.472,0.66,85,False,15,22.5321,22.5321,episodes_v1,200,0.7,1,-90
175 243 427,3,250,19,4,121,129,0.252,0.216,0.0,0.0,43.244,0.604,99,False,20,28.0128,39.7296,episodes_v1,200,0.7,1,-90
476 568,2,250,20,4,116,134,0.244,0.1,0.328,0.3147,14.296,0.148,213,True,31,16.3774,16.3774,episodes_v1,200,0.7,1,-90
175 435,2,249,18,4,126,123,0.2811,0.1727,0.0,0.0,37.3574,0.5261,118,False,18,23.6698,23.6698,episodes_v1,200,0.7,1,-90
22 220 651,3,249,20,4,154,95,0.3213,0.1124,0.5783,0.5781,4.4739,0.0,249,True,21,19.1755,28.0522,episodes_v1,200,0.7,1,-90
238 441,2,248,18,4,167,81,0.4597,0.2056,0.0,0.0,33.9516,0.4476,137,False,19,20.6224,20.6224,episodes_v1,200,0.7,1,-90
243 325,2,248,17,4,112,136,0.3185,0.2177,0.0,0.0,41.9516,0.5766,105,False,20,16.8508,16.8508,episodes_v1,200,0.7,1,-90
62 401,2,248,27,4,137,111,0.2742,0.0726,0.4073,0.4062,4.1653,0.0,248,True,54,17.3409,17.3409,episodes_v1,200,0.7,1,-90
167 423,2,247,13,4,152,95,0.3077,0.2308,0.0,0.0,36.0891,0.5385,114,False,15,37.695,37.695,episodes_v1,200,0.7,1,-90
133 299,2,245,18,4,134,111,0.3184,0.298,0.0041,0.0047,38.4531,0.5388,113,False,18,42.9748,42.9748,episodes_v1,200,0.7,1,-90
105 325,2,244,19,4,121,123,0.3156,0.2336,0.0697,0.0703,36.4959,0.4918,124,False,29,10.7855,10.7855,episodes_v1,200,0.7,1,-90
175 243 292 427,4,244,19,4,119,125,0.2541,0.2213,0.0,0.0,42.7459,0.6025,97,False,20,29.9451,62.7612,episodes_v1,200,0.7,1,-90
175 292 325,3,244,16,4,105,139,0.2992,0.2295,0.0,0.0,40.4057,0.5697,105,False,17,20.7372,42.3656,episodes_v1,200,0.7,1,-90
243 493,2,244,20,4,119,125,0.2869,0.2254,0.0,0.0,42.8279,0.5902,100,False,20,28.398,28.398,episodes_v1,200,0.7,1,-90
238 283,2,243,15,4,177,66,0.4609,0.214,0.0,0.0,32.9712,0.4403,136,False,16,17.4768,17.4768,episodes_v1,200,0.7,1,-90
292 309 435,3,243,20,4,124,119,0.2593,0.2016,0.0,0.0,37.2016,0.535,113,False,21,37.9451,43.364,episodes_v1,200,0.7,1,-90
292 309 493,3,243,20,4,117,126,0.3128,0.2263,0.0,0.0,41.4938,0.5844,101,False,20,31.944,43.5368,episodes_v1,200,0.7,1,-90
175 243 309 427,4,242,19,4,114,128,0.2562,0.2231,0.0,0.0,42.8719,0.595,98,False,20,30.2643,61.2889,episodes_v1,200,0.7,1,-90
195 416,2,241,17,4,134,107,0.3278,0.1867,0.0,0.0,47.2365,0.7137,69,False,17,34.6268,34.6268,episodes_v1,200,0.7,1,-90
105 427,2,240,20,4,120,120,0.2958,0.2333,0.0,0.0,40.125,0.5542,107,False,21,11.0318,11.0318,episodes_v1,200,0.7,1,-90
168 441,2,240,18,4,105,135,0.4958,0.1833,0.0,0.0,36.0167,0.4958,121,False,21,20.6299,20.6299,episodes_v1,200,0.7,1,-90
175 325 427,3,240,16,4,97,143,0.2917,0.2292,0.0,0.0,41.225,0.5667,104,False,17,20.7184,30.8378,episodes_v1,200,0.7,1,-90
283 441 580,3,240,18,4,128,112,0.5083,0.2167,0.0,0.0018,37.1417,0.475,126,False,19,25.1269,34.386,episodes_v1,200,0.7,1,-90
383 644,2,240,17,4,121,119,0.475,0.2,0.0,0.0,47.1042,0.75,60,False,22,26.1465,26.1465,episodes_v1,200,0.7,1,-90
177 195,2,239,15,4,142,97,0.3933,0.1464,0.0335,0.0351,45.2385,0.6611,81,False,15,28.0767,28.0767,episodes_v1,200,0.7,1,-90
175 309 325,3,238,16,4,101,137,0.3067,0.2353,0.0,0.0,41.4664,0.5714,102,False,17,23.1596,41.3238,episodes_v1,200,0.7,1,-90
94 644,2,238,13,4,110,128,0.3655,0.2185,0.0,0.0014,32.6429,0.5084,117,False,14,46.5318,46.5318,episodes_v1,200,0.7,1,-90
175 243 292 309 427,5,237,19,4,112,125,0.2574,0.2278,0.0,0.0,42.4852,0.5949,96,False,20,30.2134,65.7677,episodes_v1,200,0.7,1,-90
105 243 309,3,236,20,4,126,110,0.2669,0.2373,0.0,0.0,40.2754,0.572,101,False,21,24.7274,43.4189,episodes_v1,200,0.7,1,-90
133 237,2,235,15,4,123,112,0.366,0.217,0.0043,0.0049,39.366,0.5617,103,False,15,44.2533,44.2533,episodes_v1,200,0.7,1,-90
175 520,2,235,18,4,102,133,0.3149,0.2128,0.0,0.0,44.566,0.6383,85,False,18,25.7642,25.7642,episodes_v1,200,0.7,1,-90
243 292 325,3,235,17,4,107,128,0.3277,0.2298,0.0,0.0,41.7319,0.583,98,False,19,25.8442,42.6128,episodes_v1,200,0.7,1,-90
321 322,2,234,15,4,89,145,0.3291,0.3632,0.0043,0.0043,23.8162,0.3077,162,False,30,69.1104,69.1104,episodes_v1,200,0.7,1,-90
92 643,2,234,19,4,88,146,0.3932,0.1923,0.0,0.0,30.5342,0.4872,120,False,20,39.556,39.556,episodes_v1,200,0.7,1,-90
105 243 292,3,233,20,4,124,109,0.2661,0.2403,0.0,0.0,40.382,0.5794,98,False,21,24.9164,42.378,episodes_v1,200,0.7,1,-90
105 292 427,3,233,20,4,117,116,0.2876,0.2403,0.0,0.0,39.9227,0.5579,103,False,21,17.5987,43.6584,episodes_v1,200,0.7,1,-90
175 309 493,3,233,19,4,107,126,0.3047,0.2318,0.0,0.0,42.6738,0.5923,95,False,19,30.5318,40.6125,episodes_v1,200,0.7,1,-90
177 416,2,233,14,4,133,100,0.3648,0.1803,0.0,0.0,48.2446,0.7339,62,False,17,26.9603,26.9603,episodes_v1,200,0.7,1,-90
378 476,2,233,15,4,102,131,0.2918,0.2618,0.0043,0.0063,46.4549,0.7296,63,False,17,18.3249,18.3249,episodes_v1,200,0.7,1,-90
309 520,2,232,19,4,104,128,0.2586,0.2241,0.0,0.0,44.0862,0.6466,82,False,20,34.7768,34.7768,episodes_v1,200,0.7,1,-90
34 325 427,3,232,15,4,93,139,0.3879,0.2155,0.0,0.0,35.9914,0.4655,124,False,15,25.6909,35.7267,episodes_v1,200,0.7,1,-90
175 292 309 325,4,231,16,4,99,132,0.3117,0.2381,0.0,0.0,40.9394,0.5714,99,False,17,23.0933,48.4205,episodes_v1,200,0.7,1,-90
243 309 325,3,231,17,4,104,127,0.3333,0.2338,0.0,0.0,41.9567,0.5844,96,False,19,24.8911,41.8874,episodes_v1,200,0.7,1,-90
283 461,2,231,12,4,105,126,0.5108,0.2338,0.0,0.0,36.6061,0.4978,116,False,15,13.0193,13.0193,episodes_v1,200,0.7,1,-90
105 243 292 309,4,230,20,4,122,108,0.2696,0.2435,0.0,0.0,40.2478,0.5783,97,False,21,25.4709,68.4893,episodes_v1,200,0.7,1,-90
175 292 325 427,4,230,16,4,95,135,0.3,0.2348,0.0,0.0,40.8739,0.5696,99,False,17,23.2764,48.5615,episodes_v1,200,0.7,1,-90
243 292 493,3,230,20,4,112,118,0.3,0.2391,0.0,0.0,43.0957,0.6043,91,False,20,42.3898,43.8323,episodes_v1,200,0.7,1,-90
243 309 493,3,230,20,4,112,118,0.3043,0.2391,0.0,0.0,43.0348,0.6,92,False,20,42.3898,43.8323,episodes_v1,200,0.7,1,-90
383 688,2,229,15,4,80,149,0.3319,0.2096,0.0131,0.0137,44.8122,0.7162,65,False,17,24.0195,24.0195,episodes_v1,200,0.7,1,-90
48 383,2,229,17,4,134,95,0.345,0.1921,0.0,0.0,44.0393,0.6943,70,False,21,23.9009,23.9009,episodes_v1,200,0.7,1,-90
100 509,2,228,18,4,120,108,0.3114,0.1404,0.0,0.0,37.2325,0.557,101,False,20,33.234,33.234,episodes_v1,200,0.7,1,-90
105 175 243,3,228,19,4,121,107,0.2588,0.2368,0.0,0.0,41.1886,0.5833,95,False,21,23.8892,42.2723,episodes_v1,200,0.7,1,-90
105 309 427,3,228,20,4,115,113,0.2851,0.2368,0.0,0.0,40.3509,0.5614,100,False,21,19.654,42.7216,episodes_v1,200,0.7,1,-90
175 243 520,3,228,18,4,98,130,0.3202,0.2193,0.0,0.0,45.1272,0.6404,82,False,18,27.3687,57.6525,episodes_v1,200,0.7,1,-90
175 292 493,3,228,19,4,106,122,0.307,0.2325,0.0,0.0,42.3289,0.6009,91,False,19,29.8766,39.741,episodes_v1,200,0.7,1,-90
243 325 427,3,228,17,4,94,134,0.3114,0.2237,0.0,0.0,43.1096,0.5921,93,False,19,26.2469,30.5954,episodes_v1,200,0.7,1,-90
292 520,2,228,19,4,105,123,0.2632,0.2281,0.0,0.0,44.5877,0.6667,76,False,20,34.1772,34.1772,episodes_v1,200,0.7,1,-90
34 292 325 427,4,228,15,4,93,135,0.3947,0.2149,0.0,0.0,35.6886,0.4649,122,False,15,25.9667,46.5226,episodes_v1,200,0.7,1,-90
427 493,2,228,20,4,106,122,0.3114,0.2325,0.0,0.0,43.3421,0.5789,96,False,20,18.4614,18.4614,episodes_v1,200,0.7,1,-90
100 344,2,227,17,4,115,112,0.3744,0.1542,0.0132,0.0158,41.6432,0.6564,78,False,21,24.1034,24.1034,episodes_v1,200,0.7,1,-90
12 244,2,227,15,4,137,90,0.3392,0.207,0.0044,0.0044,42.8943,0.5903,93,False,15,15.9444,15.9444,episodes_v1,200,0.7,1,-90
243 292 309 325,4,227,17,4,102,125,0.3348,0.2379,0.0,0.0,41.3436,0.5815,95,False,19,25.8528,51.9969,episodes_v1,200,0.7,1,-90
325 424,2,227,19,4,120,107,0.4405,0.0749,0.326,0.3249,15.5507,0.1674,189,False,37,14.2165,14.2165,episodes_v1,200,0.7,1,-90
41 48,2,227,16,4,142,85,0.3656,0.2026,0.0,0.0,43.3921,0.6784,73,False,17,34.222,34.222,episodes_v1,200,0.7,1,-90
427 435,2,227,20,4,120,107,0.2996,0.2247,0.0,0.0,37.3833,0.5066,112,False,21,21.8334,21.8334,episodes_v1,200,0.7,1,-90
92 676,2,227,20,4,134,93,0.2511,0.1542,0.0132,0.0114,29.6035,0.4934,115,False,21,33.0595,33.0595,episodes_v1,200,0.7,1,-90
175 292 309 493,4,226,19,4,104,122,0.3097,0.2345,0.0,0.0,42.3938,0.5973,91,False,19,30.5895,63.7924,episodes_v1,200,0.7,1,-90
243 292 309 493,4,226,20,4,110,116,0.3053,0.2434,0.0,0.0,42.7301,0.6018,90,False,20,44.0881,69.7113,episodes_v1,200,0.7,1,-90
386 676,2,226,19,4,134,92,0.2389,0.1504,0.0,0.0,29.8009,0.4912,115,False,21,41.229,41.229,episodes_v1,200,0.7,1,-90
105 292 309 427,4,225,20,4,113,112,0.2844,0.24,0.0,0.0,40.2622,0.5644,98,False,21,19.9479,53.3926,episodes_v1,200,0.7,1,-90
383 615,2,225,15,4,125,100,0.5556,0.2044,0.0,0.0,45.4267,0.6889,70,False,18,25.0284,25.0284,episodes_v1,200,0.7,1,-90
41 330,2,225,14,4,125,100,0.3867,0.2311,0.0,0.0,44.0933,0.6933,69,False,15,40.765,40.765,episodes_v1,200,0.7,1,-90
175 309 325 427,4,224,16,4,90,134,0.308,0.2411,0.0,0.0,41.6116,0.567,97,False,17,25.694,53.9762,episodes_v1,200,0.7,1,-90
175 309 435,3,224,18,4,113,111,0.25,0.183,0.0,0.0,39.0893,0.567,97,False,19,29.236,45.5809,episodes_v1,200,0.7,1,-90
243 309 435,3,224,20,4,121,103,0.2768,0.2009,0.0,0.0,38.7723,0.558,99,False,21,38.7434,49.1108,episodes_v1,200,0.7,1,-90
264 309,2,224,16,4,74,150,0.2411,0.2321,0.0,0.0,42.1518,0.6027,89,False,17,33.0272,33.0272,episodes_v1,200,0.7,1,-90
292 309 520,3,224,19,4,101,123,0.2634,0.2321,0.0,0.0,44.442,0.6607,76,False,20,40.3415,44.1811,episodes_v1,200,0.7,1,-90
34 309 325 427,4,224,15,4,87,137,0.3929,0.2232,0.0,0.0,36.9777,0.4821,116,False,15,26.2587,52.1636,episodes_v1,200,0.7,1,-90
105 175 309,3,223,19,4,114,109,0.2646,0.2466,0.0,0.0,41.7937,0.5919,91,False,20,21.6859,38.8695,episodes_v1,200,0.7,1,-90
175 243 435,3,223,18,4,112,111,0.2915,0.1883,0.0,0.0,39.2108,0.5561,99,False,18,28.2099,48.8915,episodes_v1,200,0.7,1,-90
175 292 435,3,223,18,4,112,111,0.2422,0.1794,0.0,0.0,38.8386,0.5695,96,False,19,28.6507,45.6628,episodes_v1,200,0.7,1,-90
240 568,2,223,19,4,100,123,0.3139,0.0852,0.3587,0.3478,6.2287,0.0224,218,True,33,23.7541,23.7541,episodes_v1,200,0.7,1,-90
292 427 435,3,223,20,4,117,106,0.3004,0.2242,0.0,0.0,37.2197,0.5067,110,False,21,28.9893,44.1776,episodes_v1,200,0.7,1,-90
167 215,2,222,16,4,123,99,0.2883,0.2162,0.0,0.0,34.4099,0.5045,110,False,19,24.1532,24.1532,episodes_v1,200,0.7,1,-90
243 309 520,3,222,19,4,98,124,0.2658,0.2342,0.0,0.0,44.8694,0.6532,77,False,20,36.4356,56.1354,episodes_v1,200,0.7,1,-90
292 427 493,3,222,20,4,105,117,0.3153,0.2342,0.0,0.0,42.7432,0.5766,94,False,20,29.4342,43.7866,episodes_v1,200,0.7,1,-90
41 330 383,3,222,14,4,124,98,0.3874,0.2342,0.0,0.0,44.0721,0.6937,68,False,15,41.7066,49.8332,episodes_v1,200,0.7,1,-90
69 148,2,222,20,4,95,127,0.2568,0.0901,0.4324,0.426,5.6802,0.0225,217,True,33,16.6273,16.6273,episodes_v1,200,0.7,1,-90
78 359,2,222,18,4,106,116,0.3829,0.2658,0.0495,0.0487,33.0901,0.4685,118,False,19,17.1377,17.1377,episodes_v1,200,0.7,1,-90
105 175 292,3,221,19,4,112,109,0.2534,0.2534,0.0,0.0,41.8778,0.6018,88,False,20,21.6266,38.5209,episodes_v1,200,0.7,1,-90
175 243 493,3,221,19,4,106,115,0.2896,0.2398,0.0,0.0,43.7647,0.6109,86,False,19,29.7902,40.9744,episodes_v1,200,0.7,1,-90
243 292 435,3,221,20,4,117,104,0.267,0.2036,0.0,0.0,39.5928,0.5701,95,False,21,38.2246,49.4521,episodes_v1,200,0.7,1,-90
309 427 493,3,221,20,4,104,117,0.3213,0.2398,0.0,0.0,42.7783,0.5747,94,False,20,29.3016,43.5894,episodes_v1,200,0.7,1,-90
34 175,2,221,17,4,90,131,0.267,0.2534,0.0,0.0,43.3032,0.6018,88,False,18,18.9292,18.9292,episodes_v1,200,0.7,1,-90
34 292 309 325 427,5,221,15,4,87,134,0.3982,0.2217,0.0,0.0,36.5339,0.4796,115,False,15,26.3904,54.9391,episodes_v1,200,0.7,1,-90
44 52,2,221,22,4,86,135,0.2443,0.1222,0.3303,0.3249,17.8552,0.2036,176,False,46,10.0336,10.0336,episodes_v1,200,0.7,1,-90
238 580,2,220,19,4,143,77,0.4636,0.2182,0.0,0.0,34.4455,0.4545,120,False,21,25.3535,25.3535,episodes_v1,200,0.7,1,-90
243 292 325 427,4,220,17,4,93,127,0.3182,0.2318,0.0,0.0,42.5727,0.5909,90,False,19,26.271,48.5104,episodes_v1,200,0.7,1,-90
41 644,2,220,16,4,132,88,0.4364,0.2182,0.0,0.0,47.3273,0.7545,54,False,21,34.6199,34.6199,episodes_v1,200,0.7,1,-90
441 461,2,220,14,4,85,135,0.4727,0.2136,0.0091,0.0074,36.7636,0.4909,112,False,15,14.3361,14.3361,episodes_v1,200,0.7,1,-90
100 195,2,219,17,4,130,89,0.3653,0.2055,0.0137,0.0155,45.0137,0.6849,69,False,19,22.6622,22.6622,episodes_v1,200,0.7,1,-90
105 243 427,3,219,19,4,113,106,0.2831,0.242,0.0,0.0,41.2466,0.5799,92,False,20,24.5144,43.6489,episodes_v1,200,0.7,1,-90
105 493,2,219,20,4,115,104,0.2831,0.2511,0.0,0.0,40.9041,0.5708,94,False,22,16.5815,16.5815,episodes_v1,200,0.7,1,-90
175 292 309 435,4,219,18,4,109,110,0.2466,0.1826,0.0,0.0,39.2877,0.5753,93,False,19,29.6421,61.5712,episodes_v1,200,0.7,1,-90
119 292,2,218,16,4,79,139,0.3119,0.2294,0.0,0.0,41.2156,0.5917,89,False,17,16.9317,16.9317,episodes_v1,200,0.7,1,-90
175 292 309 325 427,5,218,16,4,89,129,0.3119,0.2431,0.0,0.0,41.3119,0.5688,94,False,17,25.6994,55.7597,episodes_v1,200,0.7,1,-90
243 292 520,3,218,19,4,99,119,0.2706,0.2385,0.0,0.0,45.3119,0.6697,72,False,20,35.7791,56.2605,episodes_v1,200,0.7,1,-90
243 648,2,218,13,3,28,190,0.2569,0.2385,0.0092,0.0106,38.2385,0.5138,106,False,14,43.9996,43.9996,episodes_v1,200,0.7,1,-90
292 309 427 493,4,218,20,4,103,115,0.3211,0.2385,0.0,0.0,42.3578,0.5734,93,False,20,29.8554,54.2047,episodes_v1,200,0.7,1,-90
461 580,2,218,15,4,98,120,0.4358,0.2615,0.0092,0.0075,36.7798,0.4862,112,False,16,19.6875,19.6875,episodes_v1,200,0.7,1,-90
6 27,2,218,18,4,140,78,0.422,0.2202,0.0,0.0,37.7385,0.5688,94,False,18,48.7546,48.7546,episodes_v1,200,0.7,1,-90
78 149,2,218,17,4,128,90,0.4817,0.2615,0.0183,0.0183,35.7064,0.5459,99,False,18,21.4768,21.4768,episodes_v1,200,0.7,1,-90
105 175 292 309,4,217,19,4,110,107,0.2581,0.2535,0.0,0.0,41.7281,0.5991,87,False,20,22.5845,59.1317,episodes_v1,200,0.7,1,-90
158 644,2,217,14,4,79,138,0.3779,0.1797,0.0,0.0,40.7834,0.6452,77,False,17,26.8668,26.8668,episodes_v1,200,0.7,1,-90
178 383,2,217,15,4,100,117,0.3594,0.2074,0.0,0.0,42.106,0.6452,77,False,17,25.6219,25.6219,episodes_v1,200,0.7,1,-90
243 292 309 435,4,217,20,4,115,102,0.2673,0.2028,0.0,0.0,39.2535,0.5714,93,False,21,42.7163,66.6695,episodes_v1,200,0.7,1,-90
105 175 243 309,4,216,19,4,111,105,0.2639,0.25,0.0,0.0,41.6574,0.5972,87,False,20,25.5576,63.5095,episodes_v1,200,0.7,1,-90
175 243 309 493,4,216,19,4,102,114,0.2963,0.2454,0.0,0.0,43.75,0.6065,85,False,19,30.8885,65.2807,episodes_v1,200,0.7,1,-90
175 243 325,3,216,16,4,94,122,0.3102,0.2407,0.0,0.0,43.2407,0.6111,84,False,17,23.2748,39.8928,episodes_v1,200,0.7,1,-90
34 243,2,216,18,4,100,116,0.2963,0.2407,0.0,0.0,42.6204,0.5972,87,False,20,26.9068,26.9068,episodes_v1,200,0.7,1,-90
383 438,2,216,16,4,134,82,0.463,0.3148,0.0,0.0,42.4722,0.6574,74,False,16,29.7406,29.7406,episodes_v1,200,0.7,1,-90
386 643,2,216,20,4,98,118,0.3148,0.213,0.0046,0.0046,31.7917,0.5046,107,False,21,45.7376,45.7376,episodes_v1,200,0.7,1,-90
92 386 676,3,216,19,4,128,88,0.25,0.1528,0.0,0.0,30.2639,0.5046,107,False,21,45.2376,56.4164,episodes_v1,200,0.7,1,-90
105 243 292 427,4,215,19,4,111,104,0.2791,0.2465,0.0,0.0,40.9349,0.5814,90,False,20,24.9647,69.3578,episodes_v1,200,0.7,1,-90
105 243 309 427,4,215,19,4,111,104,0.2791,0.2465,0.0,0.0,40.8837,0.5767,91,False,20,25.4393,67.9566,episodes_v1,200,0.7,1,-90
243 292 309 520,4,215,19,4,96,119,0.2698,0.2419,0.0,0.0,45.1349,0.6651,72,False,20,42.3948,71.7495,episodes_v1,200,0.7,1,-90
243 309 325 427,4,215,17,4,89,126,0.3256,0.2372,0.0,0.0,42.5767,0.5907,88,False,19,26.162,54.1054,episodes_v1,200,0.7,1,-90
272 383,2,215,17,4,96,119,0.4884,0.1581,0.0093,0.0099,42.9349,0.6744,70,False,21,24.8989,24.8989,episodes_v1,200,0.7,1,-90
309 427 435,3,215,20,4,111,104,0.2884,0.2326,0.0,0.0,37.4419,0.5163,104,False,21,28.3929,42.5928,episodes_v1,200,0.7,1,-90
10 461,2,214,11,4,88,126,0.6589,0.1776,0.0,0.0,35.2991,0.4907,109,False,12,21.5017,21.5017,episodes_v1,200,0.7,1,-90
105 175 243 292,4,214,19,4,110,104,0.257,0.2523,0.0,0.0,41.5794,0.6028,85,False,20,25.515,64.2188,episodes_v1,200,0.7,1,-90
105 435,2,214,19,4,120,94,0.3318,0.2243,0.0,0.0,36.9159,0.5187,103,False,20,19.2469,19.2469,episodes_v1,200,0.7,1,-90
119 309,2,214,16,4,75,139,0.2897,0.2336,0.0,0.0,41.0514,0.5701,92,False,17,16.6211,16.6211,episodes_v1,200,0.7,1,-90
175 243 292 493,4,214,19,4,102,112,0.2944,0.2477,0.0,0.0,43.3598,0.6121,83,False,19,30.6025,64.6762,episodes_v1,200,0.7,1,-90
433 489,2,214,18,4,124,90,0.2664,0.1542,0.0,0.0,22.6355,0.2757,155,False,18,48.9013,48.9013,episodes_v1,200,0.7,1,-90
6 569,2,214,16,4,106,108,0.2944,0.1963,0.0,0.0,39.4112,0.5981,86,False,21,27.9503,27.9503,episodes_v1,200,0.7,1,-90
105 175 427,3,213,19,4,107,106,0.2676,0.2582,0.0,0.0,41.9343,0.5869,88,False,20,22.0209,29.1903,episodes_v1,200,0.7,1,-90
175 427 493,3,213,19,4,99,114,0.3192,0.2488,0.0,0.0,43.3474,0.5822,89,False,19,27.4747,38.7911,episodes_v1,200,0.7,1,-90
243 427 493,3,213,20,4,99,114,0.3005,0.2441,0.0,0.0,44.4319,0.6009,85,False,20,29.0511,44.6874,episodes_v1,200,0.7,1,-90
292 309 427 435,4,213,20,4,109,104,0.2911,0.23,0.0,0.0,37.6385,0.5211,102,False,21,29.1706,51.927,episodes_v1,200,0.7,1,-90
105 175 243 292 309,5,212,19,4,108,104,0.2594,0.2547,0.0,0.0,41.3208,0.5991,85,False,20,25.9732,73.6036,episodes_v1,200,0.7,1,-90
105 243 292 309 427,5,212,19,4,109,103,0.2783,0.25,0.0,0.0,40.7972,0.5802,89,False,20,25.5705,71.9895,episodes_v1,200,0.7,1,-90
136 286,2,212,25,4,141,71,0.25,0.0802,0.4528,0.4511,7.6651,0.0566,200,True,56,11.5925,11.5925,episodes_v1,200,0.7,1,-90
175 243 292 309 493,5,212,19,4,100,112,0.2972,0.25,0.0,0.0,43.4387,0.6085,83,False,19,30.853,72.9093,episodes_v1,200,0.7,1,-90
243 292 309 325 427,5,212,17,4,88,124,0.3255,0.2406,0.0,0.0,42.1887,0.5896,87,False,19,26.2969,57.5916,episodes_v1,200,0.7,1,-90
34 175 309,3,212,17,4,85,127,0.2642,0.2642,0.0,0.0,43.5472,0.6085,83,False,18,20.7523,43.1387,episodes_v1,200,0.7,1,-90
41 615,2,212,15,4,138,74,0.5094,0.2028,0.0,0.0,44.3019,0.6651,71,False,17,34.0633,34.0633,episodes_v1,200,0.7,1,-90
166 383,2,211,15,4,87,124,0.6066,0.218,0.0,0.0,48.2749,0.7583,51,False,16,23.9758,23.9758,episodes_v1,200,0.7,1,-90
175 309 520,3,211,18,4,90,121,0.2749,0.237,0.0,0.0,45.7773,0.673,69,False,19,29.9134,49.5191,episodes_v1,200,0.7,1,-90
264 292,2,211,16,4,80,131,0.2559,0.218,0.0,0.0,41.8341,0.5972,85,False,16,31.1104,31.1104,episodes_v1,200,0.7,1,-90
278 514,2,211,14,4,59,152,0.3934,0.2322,0.0,0.0001,38.654,0.5877,87,False,15,46.6062,46.6062,episodes_v1,200,0.7,1,-90
100 416,2,210,17,4,115,95,0.3524,0.2143,0.0143,0.0156,47.0,0.7143,60,False,22,21.4041,21.4041,episodes_v1,200,0.7,1,-90
175 243 292 325,4,210,16,4,92,118,0.3143,0.2476,0.0,0.0,42.5905,0.6095,82,False,17,25.7494,62.7751,episodes_v1,200,0.7,1,-90
175 309 427 493,4,210,19,4,97,113,0.3238,0.2524,0.0,0.0,43.2762,0.5762,89,False,19,29.9941,64.8479,episodes_v1,200,0.7,1,-90
467 476,2,210,16,4,106,104,0.3095,0.2476,0.0,0.0,47.4095,0.7286,57,False,17,15.6151,15.6151,episodes_v1,200,0.7,1,-90
105 292 325,3,209,17,4,102,107,0.3158,0.2727,0.0,0.0,39.3732,0.5502,94,False,17,16.8058,38.5194,episodes_v1,200,0.7,1,-90
119 243,2,209,16,4,71,138,0.2249,0.2297,0.0048,0.0063,41.9761,0.5694,90,False,19,17.2666,17.2666,episodes_v1,200,0.7,1,-90
175 243 309 325,4,209,16,4,89,120,0.3158,0.2488,0.0,0.0,43.1962,0.6077,82,False,17,25.4319,61.2141,episodes_v1,200,0.7,1,-90
175 292 427 493,4,209,19,4,98,111,0.3206,0.2488,0.0,0.0,42.7656,0.5789,88,False,19,30.5059,64.945,episodes_v1,200,0.7,1,-90
175 292 520,3,209,18,4,92,117,0.2775,0.2392,0.0,0.0,45.8947,0.6842,66,False,19,30.1496,49.3582,episodes_v1,200,0.7,1,-90
196 383,2,209,17,4,124,85,0.3493,0.2727,0.0,0.0,44.6651,0.7177,59,False,18,30.9981,30.9981,episodes_v1,200,0.7,1,-90
34 243 309,3,209,18,4,95,114,0.2967,0.2488,0.0,0.0,42.4354,0.5981,84,False,20,29.7541,43.5127,episodes_v1,200,0.7,1,-90
41 48 383,3,209,16,4,129,80,0.378,0.1866,0.0,0.0,45.0478,0.7081,61,False,17,34.9147,55.7244,episodes_v1,200,0.7,1,-90
493 520,2,209,19,4,99,110,0.244,0.244,0.0,0.0,43.9474,0.6268,78,False,19,38.1895,38.1895,episodes_v1,200,0.7,1,-90
105 175 292 427,4,208,19,4,104,104,0.2644,0.2644,0.0,0.0,42.1346,0.5962,84,False,20,22.6318,61.4025,episodes_v1,200,0.7,1,-90
105 309 493,3,208,20,4,109,99,0.2981,0.2644,0.0,0.0,41.851,0.5817,87,False,20,25.7877,43.854,episodes_v1,200,0.7,1,-90
149 535,2,208,23,4,106,102,0.2212,0.0913,0.3462,0.3488,9.9471,0.0721,193,False,55,14.7589,14.7589,episodes_v1,200,0.7,1,-90
168 283,2,208,16,4,92,116,0.5865,0.2019,0.0,0.0,36.8029,0.5096,102,False,18,15.4638,15.4638,episodes_v1,200,0.7,1,-90
243 292 427 493,4,208,20,4,98,110,0.3029,0.25,0.0,0.0,44.0625,0.601,83,False,20,30.0959,70.6312,episodes_v1,200,0.7,1,-90
427 520,2,208,19,4,91,117,0.2837,0.2356,0.0,0.0,46.5433,0.6683,69,False,20,23.0736,23.0736,episodes_v1,200,0.7,1,-90
105 175 309 427,4,207,19,4,104,103,0.2705,0.2609,0.0,0.0,42.0531,0.5894,85,False,20,23.0881,60.7254,episodes_v1,200,0.7,1,-90
105 292 493,3,207,20,4,108,99,0.2947,0.2657,0.0,0.0,41.2899,0.5845,86,False,21,25.6637,43.1453,episodes_v1,200,0.7,1,-90
105 651,2,207,22,4,89,118,0.2367,0.1063,0.5604,0.5685,4.6957,0.0,207,True,57,10.3396,10.3396,episodes_v1,200,0.7,1,-90
175 292 309 427 493,5,207,19,4,96,111,0.3237,0.2512,0.0,0.0,42.8406,0.5749,88,False,19,30.4814,68.4109,episodes_v1,200,0.7,1,-90
325 493,2,207,17,4,96,111,0.3623,0.2609,0.0,0.0,43.3382,0.5749,88,False,17,16.1182,16.1182,episodes_v1,200,0.7,1,-90
88 476,2,207,14,4,112,95,0.3913,0.2802,0.0097,0.0119,50.1787,0.7923,43,False,17,13.0815,13.0815,episodes_v1,200,0.7,1,-90
175 292 309 520,4,206,18,4,89,117,0.2767,0.2427,0.0,0.0,45.7184,0.6796,66,False,19,30.2475,63.6127,episodes_v1,200,0.7,1,-90
243 309 427 493,4,206,20,4,97,109,0.3107,0.2524,0.0,0.0,43.8641,0.5971,83,False,20,29.8066,68.5389,episodes_v1,200,0.7,1,-90
467 659,2,206,15,4,75,131,0.3738,0.267,0.0,0.0,44.6068,0.6602,70,False,16,34.2472,34.2472,episodes_v1,200,0.7,1,-90
88 665,2,206,15,4,133,73,0.3301,0.2913,0.0049,0.0069,44.534,0.6699,68,False,14,21.1682,21.1682,episodes_v1,200,0.7,1,-90
105 175 243 427,4,205,18,4,105,100,0.2683,0.2585,0.0,0.0,41.7902,0.5902,84,False,19,25.5174,64.7959,episodes_v1,200,0.7,1,-90
105 243 493,3,205,20,4,107,98,0.3024,0.2683,0.0,0.0,42.561,0.5951,83,False,20,26.1449,44.7765,episodes_v1,200,0.7,1,-90
105 520,2,205,19,4,104,101,0.2927,0.2488,0.0,0.0,42.2683,0.6,82,False,20,21.2645,21.2645,episodes_v1,200,0.7,1,-90
175 243 292 309 325,5,205,16,4,87,118,0.3171,0.2537,0.0,0.0,42.5415,0.6049,81,False,17,25.8291,66.6876,episodes_v1,200,0.7,1,-90
175 243 309 435,4,205,18,4,105,100,0.2683,0.1951,0.0,0.0,40.5463,0.5902,84,False,19,30.1007,62.4539,episodes_v1,200,0.7,1,-90
175 243 309 520,4,205,18,4,87,118,0.278,0.2439,0.0,0.0,46.2341,0.6732,67,False,19,30.3719,67.0302,episodes_v1,200,0.7,1,-90
175 243 325 427,4,205,16,4,85,120,0.3073,0.2488,0.0,0.0,43.5317,0.6098,80,False,17,26.2423,64.1461,episodes_v1,200,0.7,1,-90
23 179,2,205,20,4,56,149,0.2878,0.1122,0.6683,0.6674,4.7171,0.0098,203,True,41,24.8117,24.8117,episodes_v1,200,0.7,1,-90
34 175 292,3,205,17,4,85,120,0.2585,0.2585,0.0,0.0,42.4878,0.6,82,False,18,21.203,41.7143,episodes_v1,200,0.7,1,-90
34 243 292,3,205,18,4,93,112,0.2878,0.2537,0.0,0.0,42.7073,0.6049,81,False,20,30.8366,42.6799,episodes_v1,200,0.7,1,-90
644 688,2,205,14,4,81,124,0.4244,0.1854,0.0,0.0016,43.9756,0.6927,63,False,17,29.5378,29.5378,episodes_v1,200,0.7,1,-90
72 78,2,205,18,4,120,85,0.522,0.239,0.0195,0.0195,33.3463,0.522,98,False,18,27.3625,27.3625,episodes_v1,200,0.7,1,-90
105 175 292 309 427,5,204,19,4,102,102,0.2696,0.2647,0.0,0.0,41.9804,0.5931,83,False,20,23.512,64.0485,episodes_v1,200,0.7,1,-90
105 309 325,3,204,17,4,101,103,0.3284,0.2647,0.0,0.0,40.7059,0.5637,89,False,17,18.7818,37.5979,episodes_v1,200,0.7,1,-90
242 276,2,204,12,3,71,133,0.3431,0.2108,0.0,0.0,29.5343,0.3627,130,False,16,27.0825,27.0825,episodes_v1,200,0.7,1,-90
243 292 309 427 493,5,204,20,4,96,108,0.3088,0.2549,0.0,0.0,43.6765,0.598,82,False,20,30.0396,71.7382,episodes_v1,200,0.7,1,-90
27 569,2,204,17,4,123,81,0.3235,0.1716,0.0,0.0,39.1667,0.6078,80,False,20,31.4803,31.4803,episodes_v1,200,0.7,1,-90
34 243 292 309,4,204,18,4,92,112,0.2892,0.2549,0.0,0.0,42.4314,0.6029,81,False,20,32.0994,51.0272,episodes_v1,200,0.7,1,-90
10 238,2,203,14,4,114,89,0.6355,0.1675,0.0,0.0,32.9212,0.4483,112,False,14,26.0277,26.0277,episodes_v1,200,0.7,1,-90
105 175 243 309 427,5,203,18,4,103,100,0.2709,0.2611,0.0,0.0,41.5222,0.5862,84,False,19,26.1038,73.7747,episodes_v1,200,0.7,1,-90
119 292 309,3,203,16,4,70,133,0.2857,0.2069,0.0,0.0,40.7931,0.5813,85,False,17,18.9427,42.6585,episodes_v1,200,0.7,1,-90
175 243 292 520,4,203,18,4,89,114,0.2808,0.2463,0.0,0.0,46.3596,0.6847,64,False,19,30.6274,67.5408,episodes_v1,200,0.7,1,-90
175 264,2,203,16,4,75,128,0.2167,0.2365,0.0,0.0,43.8473,0.6207,77,False,17,21.8911,21.8911,episodes_v1,200,0.7,1,-90
207 476,2,203,16,4,107,96,0.3695,0.202,0.0,0.0023,47.6059,0.7438,52,False,21,14.3139,14.3139,episodes_v1,200,0.7,1,-90
231 493,2,203,16,4,95,108,0.3005,0.197,0.0,0.0,38.1626,0.5074,100,False,16,38.7734,38.7734,episodes_v1,200,0.7,1,-90
238 283 441,3,203,15,4,149,54,0.5222,0.2069,0.0,0.0,35.1773,0.468,108,False,16,26.8719,31.9548,episodes_v1,200,0.7,1,-90
243 427 435,3,203,20,4,106,97,0.2857,0.2266,0.0,0.0,40.0197,0.5567,90,False,21,25.9834,47.5484,episodes_v1,200,0.7,1,-90
243 427 520,3,203,19,4,87,116,0.2857,0.2414,0.0,0.0,47.0542,0.6749,66,False,20,24.6557,54.8392,episodes_v1,200,0.7,1,-90
34 175 292 309,4,203,17,4,84,119,0.2611,0.2611,0.0,0.0,42.3892,0.601,81,False,18,21.9631,49.6282,episodes_v1,200,0.7,1,-90
476 659,2,203,15,4,80,123,0.3793,0.3054,0.0,0.0,49.8867,0.7685,47,False,15,16.5097,16.5097,episodes_v1,200,0.7,1,-90
10 283,2,202,13,4,100,102,0.6683,0.1931,0.0,0.0,37.3119,0.5149,98,False,14,17.4945,17.4945,episodes_v1,200,0.7,1,-90
105 175 243 292 427,5,202,18,4,103,99,0.2673,0.2624,0.0,0.0,41.7129,0.5941,82,False,19,25.7623,74.0757,episodes_v1,200,0.7,1,-90
105 243 309 493,4,202,20,4,105,97,0.3069,0.2723,0.0,0.0,42.5099,0.5941,82,False,20,27.3304,71.738,episodes_v1,200,0.7,1,-90
105 292 309 493,4,202,20,4,105,97,0.302,0.2723,0.0,0.0,41.7772,0.5891,83,False,20,25.8683,69.7374,episodes_v1,200,0.7,1,-90
175 243 292 435,4,202,18,4,103,99,0.2624,0.1931,0.0,0.0,40.6188,0.599,81,False,19,30.0628,62.8088,episodes_v1,200,0.7,1,-90
175 427 435,3,202,18,4,106,96,0.2673,0.203,0.0,0.0,39.3812,0.5495,91,False,19,26.9976,43.6988,episodes_v1,200,0.7,1,-90
22 424,2,202,20,4,104,98,0.3416,0.0941,0.4802,0.4773,9.8564,0.0842,185,False,37,12.8331,12.8331,episodes_v1,200,0.7,1,-90
292 427 520,3,202,19,4,90,112,0.2921,0.2426,0.0,0.0,45.9703,0.6683,67,False,20,29.4842,43.6728,episodes_v1,200,0.7,1,-90
309 427 520,3,202,19,4,88,114,0.2871,0.2426,0.0,0.0,46.1485,0.6634,68,False,20,28.9758,43.6728,episodes_v1,200,0.7,1,-90
34 105,2,202,18,4,97,105,0.3317,0.2624,0.0,0.0,40.3911,0.5495,91,False,18,16.3698,16.3698,episodes_v1,200,0.7,1,-90
34 175 427,3,202,16,4,79,123,0.2772,0.2574,0.0,0.0,43.2079,0.599,81,False,17,22.9892,39.3745,episodes_v1,200,0.7,1,-90
41 158,2,202,14,4,102,100,0.3812,0.1832,0.0,0.0,42.5,0.6733,66,False,14,26.2974,26.2974,episodes_v1,200,0.7,1,-90
105 243 435,3,201,19,4,113,88,0.3134,0.2189,0.0,0.0,38.2189,0.5423,92,False,20,24.0572,50.1465,episodes_v1,200,0.7,1,-90
105 292 309 325,4,201,17,4,99,102,0.3284,0.2687,0.0,0.0,40.204,0.5622,88,False,17,19.0118,50.943,episodes_v1,200,0.7,1,-90
158 330,2,201,14,4,85,116,0.3831,0.204,0.0,0.0,43.6965,0.6617,68,False,14,28.652,28.652,episodes_v1,200,0.7,1,-90
168 580,2,201,19,4,86,115,0.5672,0.204,0.0,0.0,37.0299,0.5025,100,False,20,23.9446,23.9446,episodes_v1,200,0.7,1,-90
175 243 292 325 427,5,201,16,4,84,117,0.3085,0.2537,0.0,0.0,42.9801,0.607,79,False,17,26.363,66.761,episodes_v1,200,0.7,1,-90
175 243 427 493,4,201,19,4,95,106,0.3035,0.2587,0.0,0.0,44.1244,0.597,81,False,19,30.2675,66.8753,episodes_v1,200,0.7,1,-90
243 264,2,201,16,4,76,125,0.2587,0.2587,0.0,0.0,42.3682,0.5871,83,False,17,31.5237,31.5237,episodes_v1,200,0.7,1,-90
359 700,2,201,13,3,51,150,0.3035,0.1244,0.6816,0.6793,5.2736,0.0149,198,False,32,17.2776,17.2776,episodes_v1,200,0.7,1,-90
105 175 243 292 309 427,6,200,18,4,101,99,0.27,0.265,0.0,0.0,41.44,0.59,82,False,19,26.2606,77.5252,episodes_v1,200,0.7,1,-90
105 243 292 493,4,200,20,4,104,96,0.305,0.275,0.0,0.0,42.015,0.595,81,False,20,27.0598,70.7056,episodes_v1,200,0.7,1,-90
175 243 292 309 435,5,200,18,4,101,99,0.265,0.195,0.0,0.0,40.8,0.6,80,False,19,30.3138,69.1274,episodes_v1,200,0.7,1,-90
175 243 292 309 520,5,200,18,4,86,114,0.28,0.25,0.0,0.0,46.185,0.68,64,False,19,30.5958,75.1451,episodes_v1,200,0.7,1,-90
243 292 427 435,4,200,20,4,104,96,0.29,0.225,0.0,0.0,40.08,0.56,88,False,21,30.1169,68.2138,episodes_v1,200,0.7,1,-90
276 558,2,200,23,4,88,112,0.19,0.09,0.455,0.4432,4.595,0.01,198,False,47,21.3521,21.3521,episodes_v1,200,0.7,1,-90
41 383 644,3,200,16,4,117,83,0.435,0.19,0.0,0.0,49.015,0.79,42,False,20,34.8751,50.8808,episodes_v1,200,0.7,1,-90
52 148,2,200,20,4,81,119,0.255,0.075,0.38,0.3746,10.28,0.05,190,False,41,9.1947,9.1947,episodes_v1,200,0.7,1,-90
