cohort_idx,observed_support,null_mean,null_std,z_score,p_value,members,support_from_data
0,486,0.06,0.23748684174075835,2046.1765226153211,0.0,47 449,523
1,434,0.18,0.38418745424597095,1129.1883563752513,0.0,448 449,469
2,417,0.06,0.23748684174075835,1755.634109847372,0.0,47 448,451
3,406,0.0,0.0,inf,0.0,47 448 449,438
4,379,0.12,0.3249615361854384,1165.9226025562398,0.0,64 262,422
5,382,0.08,0.2712931993250107,1407.775797366958,0.0,90 91,422
6,357,0.08,0.2712931993250107,1315.624574770147,0.0,292 309,417
7,354,0.16,0.36660605559646714,965.1777285137944,0.0,292 427,412
8,373,0.12,0.3249615361854384,1147.4588789093398,0.0,542 635,405
9,339,0.0,0.0,inf,0.0,64 525,389
10,337,0.14,0.3469870314579494,970.8143805392431,0.0,292 325,387
11,353,0.12,0.32496153618543844,1085.9131334196734,0.0,448 542,387
12,340,0.14,0.3469870314579494,979.4602368048066,0.0,64 90,384
13,343,0.06,0.23748684174075835,1444.03789905276,0.0,64 91,384
14,324,0.14,0.3469870314579494,933.3490033884678,0.0,325 427,381
15,315,0.16,0.36660605559646714,858.7965070237481,0.0,119 175,379
16,319,0.08,0.2712931993250107,1175.554716422995,0.0,283 441,370
17,328,0.08,0.2712931993250107,1208.7291565578469,0.0,22 651,368
18,331,0.12,0.3249615361854384,1018.2128133810404,0.0,262 525,366
19,330,0.06,0.23748684174075835,1389.2980241834364,0.0,12 13,364
20,301,0.08,0.2712931993250107,1109.205836153291,0.0,309 427,361
21,295,0.0,0.0,inf,0.0,292 309 427,351
22,285,0.26,0.4386342439892262,649.1513234588995,0.0,309 325,338
23,280,0.08,0.2712931993250107,1031.79880917197,0.0,34 309,336
24,296,0.06,0.23748684174075835,1246.1321976021281,0.0,62 286,334
25,279,0.06,0.23748684174075835,1174.549284311474,0.0,41 383,333
26,280,0.02,0.13999999999999999,1999.8571428571431,0.0,292 309 325,329
27,288,0.02,0.13999999999999999,2057.0000000000005,0.0,92 386,329
28,278,0.04,0.19595917942265428,1418.4586852166917,0.0,292 325 427,325
29,289,0.06,0.23748684174075835,1216.6568803648,0.0,220 651,324
30,287,0.0,0.0,inf,0.0,64 90 91,324
31,285,0.02,0.13999999999999999,2035.571428571429,0.0,22 220,321
32,257,0.08,0.2712931993250107,947.0196843829043,0.0,175 309,320
33,259,0.06,0.23748684174075835,1090.3340922048221,0.0,190 372,320
34,262,0.16,0.36660605559646714,714.2271547424031,0.0,175 292,318
35,269,0.1,0.3,896.3333333333333,0.0,34 292,318
36,285,0.1,0.3,949.6666666666666,0.0,136 137,317
37,286,0.06,0.23748684174075835,1204.0246015488021,0.0,448 635,317
38,282,0.0,0.0,inf,0.0,64 262 525,317
39,262,0.06,0.23748684174075835,1102.96637102082,0.0,441 580,316
40,282,0.0,0.0,inf,0.0,448 542 635,313
41,261,0.06,0.23748684174075835,1098.7556114154872,0.0,72 359,313
42,256,0.0,0.0,inf,0.0,34 292 309,304
43,293,0.1,0.3,976.3333333333333,0.0,11 12,303
44,243,0.08,0.2712931993250107,895.4149997286902,0.0,175 427,301
45,255,0.06,0.23748684174075835,1073.4910537834917,0.0,286 401,301
46,244,0.0,0.0,inf,0.0,175 292 309,299
47,253,0.02,0.13999999999999999,1807.0,0.0,72 149,299
48,237,0.14,0.3469870314579494,682.6191716871256,0.0,175 243,297
49,240,0.02,0.13999999999999999,1714.1428571428573,0.0,243 309,297
50,237,0.12,0.32496153618543844,728.9478095796084,0.0,243 292,291
51,241,0.08,0.2712931993250107,888.0429019209454,0.0,283 580,289
52,239,0.02,0.13999999999999999,1707.0,0.0,34 427,289
53,266,0.08,0.2712931993250108,980.194124517756,0.0,83 651,287
54,259,0.04,0.19595917942265428,1321.4997162315242,0.0,10 515,286
55,234,0.04,0.19595917942265426,1193.9221254615675,0.0,175 292 427,286
56,227,0.06,0.23748684174075835,955.589784834179,0.0,149 359,285
57,236,0.02,0.13999999999999999,1685.5714285714287,0.0,309 325 427,285
58,229,0.0,0.0,inf,0.0,243 292 309,281
59,234,0.0,0.0,inf,0.0,34 292 427,281
60,256,0.14,0.34698703145794946,737.3762613690278,0.0,83 105,280
61,224,0.0,0.0,inf,0.0,175 309 427,279
62,233,0.0,0.0,inf,0.0,292 309 325 427,279
63,221,0.1,0.3,736.3333333333334,0.0,243 427,278
64,215,0.14,0.3469870314579494,619.2162257396598,0.0,100 177,276
65,216,0.1,0.3,719.6666666666667,0.0,243 520,274
66,263,0.1,0.3,876.3333333333333,0.0,11 13,273
67,224,0.0,0.0,inf,0.0,34 309 427,273
68,237,0.1,0.3,789.6666666666667,0.0,359 677,273
69,217,0.14,0.3469870314579494,624.9801299167021,0.0,240 476,272
70,222,0.14,0.3469870314579494,639.389890359308,0.0,330 383,272
71,219,0.0,0.0,inf,0.0,175 292 309 427,270
72,216,0.02,0.13999999999999999,1542.7142857142858,0.0,243 292 427,268
73,222,0.0,0.0,inf,0.0,34 292 309 427,268
74,227,0.06,0.23748684174075835,955.589784834179,0.0,34 325,268
75,212,0.1,0.3,706.3333333333334,0.0,237 299,267
76,220,0.14,0.3469870314579494,633.6259861822656,0.0,105 292,263
77,210,0.0,0.0,inf,0.0,175 243 309,263
78,210,0.0,0.0,inf,0.0,243 309 427,263
79,224,0.02,0.13999999999999999,1599.857142857143,0.0,34 292 325,263
80,215,0.14,0.34698703145794946,619.2162257396596,0.0,105 243,261
81,225,0.22,0.41424630354415953,542.6240332788823,0.0,158 688,261
82,211,0.0,0.0,inf,0.0,175 243 292,261
83,216,0.08,0.2712931993250107,795.8916793241347,0.0,105 309,260
84,216,0.06,0.23748684174075835,909.2714291755204,0.0,243 435,260
85,209,0.08,0.2712931993250107,770.0893369970277,0.0,175 325,259
86,218,0.02,0.13999999999999999,1557.0,0.0,34 309 325,259
87,214,0.06,0.23748684174075835,900.8499099648553,0.0,105 175,258
88,208,0.1,0.3,693.0,0.0,175 493,258
89,208,0.0,0.0,inf,0.0,243 292 309 427,258
90,211,0.0,0.0,inf,0.0,72 149 359,257
91,215,0.04,0.19595917942265428,1096.9631564763997,0.0,292 435,256
92,208,0.1,0.3,693.0,0.0,383 682,256
93,245,0.0,0.0,inf,0.0,11 12 13,255
94,216,0.0,0.0,inf,0.0,34 292 309 325,255
95,220,0.26,0.4386342439892262,500.9640788679447,0.0,44 148,255
96,221,0.18,0.38418745424597095,574.7715016706998,0.0,64 559,255
97,205,0.0,0.0,inf,0.0,175 243 292 309,254
98,228,0.12,0.3249615361854384,701.2522241092586,0.0,164 304,252
99,228,0.14,0.3469870314579494,656.681602890435,0.0,300 301,252
100,211,0.16,0.36660605559646714,575.1132497169581,0.0,309 435,252
101,205,0.1,0.3,683.0,0.0,44 69,252
102,204,0.06,0.23748684174075835,858.7423139115293,0.0,292 493,251
103,202,0.06,0.23748684174075835,850.3207947008642,0.0,309 493,251
104,208,0.0,0.0,inf,0.0,105 292 309,250
105,209,0.1,0.3,696.3333333333334,0.0,158 383,250
106,198,0.02,0.13999999999999999,1414.142857142857,0.0,175 243 427,250
107,206,0.1,0.3,686.3333333333334,0.0,476 568,250
108,205,0.08,0.2712931993250107,755.3451413815379,0.0,175 435,249
109,215,0.0,0.0,inf,0.0,22 220 651,249
110,211,0.18,0.38418745424597095,548.7425413559321,0.0,238 441,248
111,199,0.0,0.0,inf,0.0,243 325,248
112,215,0.12,0.3249615361854384,661.2474895409755,0.0,62 401,248
113,204,0.04,0.19595917942265428,1040.8290165376186,0.0,167 423,247
114,193,0.08,0.2712931993250107,711.1125545350689,0.0,133 299,245
115,195,0.06,0.23748684174075835,820.845477463536,0.0,105 325,244
116,196,0.0,0.0,inf,0.0,175 243 292 427,244
117,200,0.02,0.13999999999999999,1428.4285714285716,0.0,175 292 325,244
118,193,0.12,0.3249615361854384,593.5471695023425,0.0,243 493,244
119,211,0.08,0.2712931993250107,777.4614348047726,0.0,238 283,243
120,203,0.0,0.0,inf,0.0,292 309 435,243
121,197,0.0,0.0,inf,0.0,292 309 493,243
122,192,0.0,0.0,inf,0.0,175 243 309 427,242
123,184,0.2,0.4,459.5,0.0,195 416,241
124,196,0.1,0.3,653.0,0.0,105 427,240
125,201,0.04,0.19595917942265428,1025.5197056452237,0.0,168 441,240
126,194,0.02,0.13999999999999999,1385.5714285714287,0.0,175 325 427,240
127,196,0.0,0.0,inf,0.0,283 441 580,240
128,190,0.1,0.3,633.0,0.0,383 644,240
129,175,0.06,0.23748684174075835,736.6302853568841,0.0,177 195,239
130,190,0.02,0.13999999999999999,1357.0,0.0,175 309 325,238
131,215,0.1,0.3,716.3333333333334,0.0,94 644,238
132,190,0.0,0.0,inf,0.0,175 243 292 309 427,237
133,195,0.0,0.0,inf,0.0,105 243 309,236
134,180,0.08,0.2712931993250107,663.1939187847273,0.0,133 237,235
135,181,0.08,0.2712931993250107,666.8799676885997,0.0,175 520,235
136,191,0.0,0.0,inf,0.0,243 292 325,235
137,212,0.06,0.23748684174075835,892.4283907541901,0.0,321 322,234
138,203,0.08,0.2712931993250107,747.9730435737931,0.0,92 643,234
139,193,0.02,0.13999999999999999,1378.4285714285716,0.0,105 243 292,233
140,191,0.02,0.13999999999999999,1364.142857142857,0.0,105 292 427,233
141,186,0.0,0.0,inf,0.0,175 309 493,233
142,177,0.02,0.13999999999999999,1264.142857142857,0.0,177 416,233
143,169,0.18,0.38418745424597095,439.4209080339079,0.0,378 476,233
144,182,0.02,0.13999999999999999,1299.857142857143,0.0,309 520,232
145,193,0.0,0.0,inf,0.0,34 325 427,232
146,187,0.0,0.0,inf,0.0,175 292 309 325,231
147,185,0.0,0.0,inf,0.0,243 309 325,231
148,195,0.06,0.23748684174075835,820.845477463536,0.0,283 461,231
149,191,0.0,0.0,inf,0.0,105 243 292 309,230
150,189,0.0,0.0,inf,0.0,175 292 325 427,230
151,184,0.02,0.13999999999999999,1314.142857142857,0.0,243 292 493,230
152,183,0.0,0.0,inf,0.0,243 309 493,230
153,182,0.06,0.23748684174075835,766.1056025942123,0.0,383 688,229
154,188,0.12,0.3249615361854384,578.1607331299259,0.0,48 383,229
155,187,0.08,0.2712931993250107,688.9962611118343,0.0,100 509,228
156,187,0.0,0.0,inf,0.0,105 175 243,228
157,186,0.04,0.19595917942265428,948.9731511832495,0.0,105 309 427,228
158,174,0.0,0.0,inf,0.0,175 243 520,228
159,184,0.02,0.13999999999999999,1314.142857142857,0.0,175 292 493,228
160,182,0.0,0.0,inf,0.0,243 325 427,228
161,179,0.06,0.23748684174075835,753.4733237782145,0.0,292 520,228
162,191,0.0,0.0,inf,0.0,34 292 325 427,228
163,179,0.04,0.19595917942265426,913.2514257676615,0.0,427 493,228
164,178,0.02,0.13999999999999999,1271.2857142857144,0.0,100 344,227
165,170,0.1,0.3,566.3333333333334,0.0,12 244,227
166,184,0.0,0.0,inf,0.0,243 292 309 325,227
167,198,0.14,0.3469870314579494,570.2230402347998,0.0,325 424,227
168,185,0.1,0.3,616.3333333333334,0.0,41 48,227
169,187,0.1,0.3,623.0,0.0,427 435,227
170,201,0.12,0.32496153618543844,618.1654676982089,0.0,92 676,227
171,182,0.0,0.0,inf,0.0,175 292 309 493,226
172,181,0.0,0.0,inf,0.0,243 292 309 493,226
173,200,0.06,0.23748684174075835,841.899275490199,0.0,386 676,226
174,184,0.0,0.0,inf,0.0,105 292 309 427,225
175,173,0.08,0.2712931993250107,637.3915764576203,0.0,383 615,225
176,180,0.12,0.3249615361854384,553.5424349340593,0.0,41 330,225
177,180,0.0,0.0,inf,0.0,175 309 325 427,224
178,183,0.0,0.0,inf,0.0,175 309 435,224
179,184,0.0,0.0,inf,0.0,243 309 435,224
180,178,0.06,0.23748684174075835,749.2625641728819,0.0,264 309,224
181,176,0.0,0.0,inf,0.0,292 309 520,224
182,185,0.0,0.0,inf,0.0,34 309 325 427,224
183,182,0.02,0.13999999999999999,1299.857142857143,0.0,105 175 309,223
184,181,0.02,0.13999999999999999,1292.7142857142858,0.0,175 243 435,223
185,183,0.0,0.0,inf,0.0,175 292 435,223
186,189,0.08,0.2712931993250107,696.3683589195791,0.0,240 568,223
187,185,0.02,0.13999999999999999,1321.2857142857144,0.0,292 427 435,223
188,182,0.2,0.4,454.5,0.0,167 215,222
189,172,0.0,0.0,inf,0.0,243 309 520,222
190,177,0.02,0.13999999999999999,1264.142857142857,0.0,292 427 493,222
191,178,0.0,0.0,inf,0.0,41 330 383,222
192,190,0.08,0.2712931993250107,700.0544078234516,0.0,69 148,222
193,185,0.04,0.19595917942265428,943.8700475524512,0.0,78 359,222
194,181,0.0,0.0,inf,0.0,105 175 292,221
195,174,0.0,0.0,inf,0.0,175 243 493,221
196,181,0.0,0.0,inf,0.0,243 292 435,221
197,175,0.0,0.0,inf,0.0,309 427 493,221
198,169,0.18,0.38418745424597095,439.4209080339079,0.0,34 175,221
199,184,0.0,0.0,inf,0.0,34 292 309 325 427,221
200,177,0.06,0.23748684174075835,745.0518045675493,0.0,44 52,221
201,185,0.08,0.2712931993250107,681.6241633040894,0.0,238 580,220
202,178,0.0,0.0,inf,0.0,243 292 325 427,220
203,173,0.2,0.4,432.0,0.0,41 644,220
204,183,0.14,0.3469870314579494,526.9937589069822,0.0,441 461,220
205,164,0.12,0.32496153618543844,504.30583854232617,0.0,100 195,219
206,178,0.0,0.0,inf,0.0,105 243 427,219
207,180,0.08,0.2712931993250107,663.1939187847273,0.0,105 493,219
208,179,0.0,0.0,inf,0.0,175 292 309 435,219
209,175,0.1,0.3,583.0,0.0,119 292,218
210,177,0.0,0.0,inf,0.0,175 292 309 325 427,218
211,169,0.0,0.0,inf,0.0,243 292 520,218
212,175,0.08,0.2712931993250107,644.7636742653651,0.0,243 648,218
213,174,0.0,0.0,inf,0.0,292 309 427 493,218
214,179,0.1,0.3,596.3333333333334,0.0,461 580,218
215,178,0.12,0.3249615361854384,547.3878603850927,0.0,6 27,218
216,188,0.14,0.3469870314579494,541.403519349588,0.0,78 149,218
217,178,0.0,0.0,inf,0.0,105 175 292 309,217
218,183,0.08,0.2712931993250107,674.2520654963446,0.0,158 644,217
219,173,0.14,0.3469870314579494,498.1742380217704,0.0,178 383,217
220,178,0.0,0.0,inf,0.0,243 292 309 435,217
221,177,0.0,0.0,inf,0.0,105 175 243 309,216
222,171,0.0,0.0,inf,0.0,175 243 309 493,216
223,172,0.0,0.0,inf,0.0,175 243 325,216
224,169,0.18,0.38418745424597095,439.4209080339079,0.0,34 243,216
225,185,0.08,0.2712931993250107,681.6241633040894,0.0,383 438,216
226,187,0.12,0.3249615361854384,575.0834458554426,0.0,386 643,216
227,191,0.0,0.0,inf,0.0,92 386 676,216
228,176,0.0,0.0,inf,0.0,105 243 292 427,215
229,176,0.0,0.0,inf,0.0,105 243 309 427,215
230,167,0.0,0.0,inf,0.0,243 292 309 520,215
231,172,0.0,0.0,inf,0.0,243 309 325 427,215
232,174,0.1,0.3,579.6666666666667,0.0,272 383,215
233,178,0.0,0.0,inf,0.0,309 427 435,215
234,184,0.08,0.2712931993250107,677.9381144002169,0.0,10 461,214
235,176,0.0,0.0,inf,0.0,105 175 243 292,214
236,180,0.1,0.3,599.6666666666667,0.0,105 435,214
237,169,0.12,0.3249615361854384,519.6922749147428,0.0,119 309,214
238,171,0.0,0.0,inf,0.0,175 243 292 493,214
239,186,0.08,0.2712931993250107,685.3102122079619,0.0,433 489,214
240,173,0.12,0.3249615361854384,532.0014240126761,0.0,6 569,214
241,173,0.0,0.0,inf,0.0,105 175 427,213
242,168,0.02,0.13999999999999999,1199.857142857143,0.0,175 427 493,213
243,166,0.0,0.0,inf,0.0,243 427 493,213
244,176,0.0,0.0,inf,0.0,292 309 427 435,213
245,175,0.0,0.0,inf,0.0,105 175 243 292 309,212
246,174,0.0,0.0,inf,0.0,105 243 292 309 427,212
247,189,0.08,0.2712931993250107,696.3683589195791,0.0,136 286,212
248,169,0.0,0.0,inf,0.0,175 243 292 309 493,212
249,171,0.0,0.0,inf,0.0,243 292 309 325 427,212
250,163,0.02,0.13999999999999999,1164.142857142857,0.0,34 175 309,212
251,164,0.08,0.2712931993250107,604.2171363227684,0.0,41 615,212
252,161,0.08,0.2712931993250107,593.1589896111511,0.0,166 383,211
253,163,0.0,0.0,inf,0.0,175 309 520,211
254,172,0.14,0.3469870314579494,495.2922859332492,0.0,264 292,211
255,173,0.24,0.4270831300812525,404.5114120221336,0.0,278 514,211
256,160,0.1,0.3,533.0,0.0,100 416,210
257,170,0.0,0.0,inf,0.0,175 243 292 325,210
258,166,0.0,0.0,inf,0.0,175 309 427 493,210
259,147,0.14,0.3469870314579494,423.24348372021984,0.0,467 476,210
260,174,0.0,0.0,inf,0.0,105 292 325,209
261,163,0.08,0.2712931993250107,600.5310874188959,0.0,119 243,209
262,166,0.0,0.0,inf,0.0,175 243 309 325,209
263,167,0.02,0.13999999999999999,1192.7142857142858,0.0,175 292 427 493,209
264,162,0.02,0.13999999999999999,1157.0,0.0,175 292 520,209
265,167,0.14,0.3469870314579494,480.88252549064333,0.0,196 383,209
266,165,0.0,0.0,inf,0.0,34 243 309,209
267,168,0.02,0.13999999999999999,1199.857142857143,0.0,41 48 383,209
268,163,0.06,0.23748684174075835,686.101170092893,0.0,493 520,209
269,169,0.0,0.0,inf,0.0,105 175 292 427,208
270,170,0.0,0.0,inf,0.0,105 309 493,208
271,187,0.1,0.3,623.0,0.0,149 535,208
272,174,0.08,0.2712931993250107,641.0776253614927,0.0,168 283,208
273,164,0.0,0.0,inf,0.0,243 292 427 493,208
274,157,0.06,0.23748684174075835,660.8366124608974,0.0,427 520,208
275,168,0.0,0.0,inf,0.0,105 175 309 427,207
276,171,0.02,0.13999999999999999,1221.2857142857144,0.0,105 292 493,207
277,184,0.08,0.2712931993250107,677.9381144002169,0.0,105 651,207
278,165,0.0,0.0,inf,0.0,175 292 309 427 493,207
279,163,0.06,0.23748684174075835,686.101170092893,0.0,325 493,207
280,140,0.04,0.19595917942265426,714.2303841665283,0.0,88 476,207
281,160,0.0,0.0,inf,0.0,175 292 309 520,206
282,162,0.0,0.0,inf,0.0,243 309 427 493,206
283,148,0.14,0.3469870314579494,426.12543580874103,0.0,467 659,206
284,145,0.2,0.4,362.0,0.0,88 665,206
285,167,0.0,0.0,inf,0.0,105 175 243 427,205
286,166,0.02,0.13999999999999999,1185.5714285714287,0.0,105 243 493,205
287,164,0.12,0.32496153618543844,504.30583854232617,0.0,105 520,205
288,165,0.0,0.0,inf,0.0,175 243 292 309 325,205
289,165,0.0,0.0,inf,0.0,175 243 309 435,205
290,157,0.0,0.0,inf,0.0,175 243 309 520,205
291,164,0.0,0.0,inf,0.0,175 243 325 427,205
292,185,0.08,0.2712931993250107,681.6241633040894,0.0,23 179,205
293,161,0.02,0.13999999999999999,1149.857142857143,0.0,34 175 292,205
294,162,0.0,0.0,inf,0.0,34 243 292,205
295,163,0.08,0.2712931993250107,600.5310874188959,0.0,644 688,205
296,181,0.08,0.2712931993250107,666.8799676885997,0.0,72 78,205
297,166,0.0,0.0,inf,0.0,105 175 292 309 427,204
298,167,0.0,0.0,inf,0.0,105 309 325,204
299,180,0.2,0.4,449.5,0.0,242 276,204
300,161,0.0,0.0,inf,0.0,243 292 309 427 493,204
301,164,0.1,0.3,546.3333333333334,0.0,27 569,204
302,162,0.0,0.0,inf,0.0,34 243 292 309,204
303,175,0.16,0.36660605559646714,476.9151991107614,0.0,10 238,203
304,166,0.0,0.0,inf,0.0,105 175 243 309 427,203
305,162,0.0,0.0,inf,0.0,119 292 309,203
306,156,0.0,0.0,inf,0.0,175 243 292 520,203
307,159,0.08,0.2712931993250107,585.7868918034063,0.0,175 264,203
308,145,0.1,0.3,483.00000000000006,0.0,207 476,203
309,164,0.08,0.2712931993250107,604.2171363227684,0.0,231 493,203
310,171,0.02,0.13999999999999999,1221.2857142857144,0.0,238 283 441,203
311,164,0.02,0.13999999999999999,1171.2857142857142,0.0,243 427 435,203
312,152,0.0,0.0,inf,0.0,243 427 520,203
313,160,0.0,0.0,inf,0.0,34 175 292 309,203
314,140,0.1,0.30000000000000004,466.33333333333326,0.0,476 659,203
315,170,0.1,0.3,566.3333333333334,0.0,10 283,202
316,165,0.0,0.0,inf,0.0,105 175 243 292 427,202
317,164,0.0,0.0,inf,0.0,105 243 309 493,202
318,166,0.0,0.0,inf,0.0,105 292 309 493,202
319,163,0.0,0.0,inf,0.0,175 243 292 435,202
320,163,0.0,0.0,inf,0.0,175 427 435,202
321,179,0.14,0.3469870314579494,515.4659505528974,0.0,22 424,202
322,155,0.02,0.13999999999999999,1107.0,0.0,292 427 520,202
323,154,0.0,0.0,inf,0.0,309 427 520,202
324,163,0.08,0.2712931993250107,600.5310874188959,0.0,34 105,202
325,157,0.0,0.0,inf,0.0,34 175 427,202
326,167,0.24,0.4270831300812524,390.4626248484082,0.0,41 158,202
327,167,0.0,0.0,inf,0.0,105 243 435,201
328,166,0.0,0.0,inf,0.0,105 292 309 325,201
329,163,0.08,0.2712931993250107,600.5310874188959,0.0,158 330,201
330,165,0.16,0.36660605559646714,449.63796283126237,0.0,168 580,201
331,163,0.0,0.0,inf,0.0,175 243 292 325 427,201
332,158,0.0,0.0,inf,0.0,175 243 427 493,201
333,160,0.08,0.2712931993250107,589.4729407072787,0.0,243 264,201
334,176,0.12,0.32496153618543844,541.233285836126,0.0,359 700,201
335,164,0.0,0.0,inf,0.0,105 175 243 292 309 427,200
336,164,0.0,0.0,inf,0.0,105 243 292 493,200
337,161,0.0,0.0,inf,0.0,175 243 292 309 435,200
338,154,0.0,0.0,inf,0.0,175 243 292 309 520,200
339,162,0.0,0.0,inf,0.0,243 292 427 435,200
340,178,0.1,0.3,593.0,0.0,276 558,200
341,155,0.0,0.0,inf,0.0,41 383 644,200
342,165,0.04,0.19595917942265428,841.8079749364854,0.0,52 148,200
