cohort_idx,members,first_half_count,second_half_count,ratio_first_to_second,chi_square
0,47 449,260,226,1.1504424778761062,2.3786008230452675
1,448 449,237,197,1.2030456852791878,3.686635944700461
2,47 448,226,191,1.1832460732984293,2.937649880095923
3,47 448 449,225,181,1.2430939226519337,4.768472906403941
4,64 262,231,148,1.5608108108108107,18.176781002638524
5,90 91,165,217,0.7603686635944701,7.0785340314136125
6,292 309,184,173,1.0635838150289016,0.3389355742296919
7,292 427,177,177,1.0,0.0
8,542 635,214,159,1.3459119496855345,8.109919571045577
9,64 525,155,184,0.842391304347826,2.4808259587020647
10,292 325,163,174,0.9367816091954023,0.3590504451038576
11,448 542,189,164,1.1524390243902438,1.7705382436260624
12,64 90,139,201,0.6915422885572139,11.305882352941177
13,64 91,146,197,0.7411167512690355,7.5830903790087465
14,325 427,142,182,0.7802197802197802,4.938271604938271
15,119 175,97,218,0.44495412844036697,46.47936507936508
16,283 441,177,142,1.2464788732394365,3.8401253918495297
17,22 651,220,108,2.037037037037037,38.24390243902439
18,262 525,193,138,1.3985507246376812,9.138972809667674
19,12 13,165,165,1.0,0.0
20,309 427,151,150,1.0066666666666666,0.0033222591362126247
21,292 309 427,148,147,1.0068027210884354,0.003389830508474576
22,309 325,142,143,0.993006993006993,0.0035087719298245615
23,34 309,132,148,0.8918918918918919,0.9142857142857143
24,62 286,160,136,1.1764705882352942,1.945945945945946
25,41 383,158,121,1.3057851239669422,4.906810035842294
26,292 309 325,140,140,1.0,0.0
27,92 386,145,143,1.013986013986014,0.013888888888888888
28,292 325 427,127,151,0.8410596026490066,2.0719424460431655
29,220 651,145,144,1.0069444444444444,0.0034602076124567475
30,64 90 91,128,159,0.8050314465408805,3.3484320557491287
31,22 220,175,110,1.5909090909090908,14.824561403508772
32,175 309,124,133,0.9323308270676691,0.3151750972762646
33,190 372,70,189,0.37037037037037035,54.67567567567568
34,175 292,128,134,0.9552238805970149,0.13740458015267176
35,34 292,137,132,1.0378787878787878,0.09293680297397769
36,136 137,173,112,1.5446428571428572,13.056140350877193
37,448 635,159,127,1.2519685039370079,3.5804195804195804
38,64 262 525,167,115,1.4521739130434783,9.588652482269504
39,441 580,126,136,0.9264705882352942,0.3816793893129771
40,448 542 635,155,127,1.220472440944882,2.780141843971631
41,72 359,161,100,1.61,14.256704980842912
42,34 292 309,128,128,1.0,0.0
43,11 12,157,136,1.1544117647058822,1.5051194539249146
44,175 427,121,122,0.9918032786885246,0.00411522633744856
45,286 401,146,109,1.3394495412844036,5.368627450980392
46,175 292 309,118,126,0.9365079365079365,0.26229508196721313
47,72 149,162,91,1.7802197802197801,19.92490118577075
48,175 243,116,121,0.9586776859504132,0.10548523206751055
49,243 309,122,118,1.0338983050847457,0.06666666666666667
50,243 292,122,115,1.0608695652173914,0.20675105485232068
51,283 580,135,106,1.2735849056603774,3.4896265560165975
52,34 427,105,134,0.7835820895522388,3.518828451882845
53,83 651,148,118,1.2542372881355932,3.3834586466165413
54,10 515,91,168,0.5416666666666666,22.89189189189189
55,175 292 427,117,117,1.0,0.0
56,149 359,142,85,1.6705882352941177,14.312775330396477
57,309 325 427,106,130,0.8153846153846154,2.440677966101695
58,243 292 309,116,113,1.0265486725663717,0.039301310043668124
59,34 292 427,105,129,0.813953488372093,2.4615384615384617
60,83 105,128,128,1.0,0.0
61,175 309 427,111,113,0.9823008849557522,0.017857142857142856
62,292 309 325 427,105,128,0.8203125,2.2703862660944205
63,243 427,110,111,0.990990990990991,0.004524886877828055
64,100 177,130,85,1.5294117647058822,9.418604651162791
65,243 520,97,119,0.8151260504201681,2.240740740740741
66,11 13,159,104,1.5288461538461537,11.50190114068441
67,34 309 427,97,127,0.7637795275590551,4.017857142857143
68,359 677,73,164,0.4451219512195122,34.94092827004219
69,240 476,104,113,0.9203539823008849,0.37327188940092165
70,330 383,107,115,0.9304347826086956,0.2882882882882883
71,175 292 309 427,108,111,0.972972972972973,0.0410958904109589
72,243 292 427,108,108,1.0,0.0
73,34 292 309 427,97,125,0.776,3.5315315315315314
74,34 325,110,117,0.9401709401709402,0.21585903083700442
75,237 299,124,88,1.4090909090909092,6.113207547169812
76,105 292,115,105,1.0952380952380953,0.45454545454545453
77,175 243 309,102,108,0.9444444444444444,0.17142857142857143
78,243 309 427,104,106,0.9811320754716981,0.01904761904761905
79,34 292 325,110,114,0.9649122807017544,0.07142857142857142
80,105 243,120,95,1.263157894736842,2.9069767441860463
81,158 688,68,157,0.43312101910828027,35.20444444444445
82,175 243 292,105,106,0.9905660377358491,0.004739336492890996
83,105 309,115,101,1.1386138613861385,0.9074074074074074
84,243 435,116,100,1.16,1.1851851851851851
85,175 325,92,117,0.7863247863247863,2.9904306220095696
86,34 309 325,103,115,0.8956521739130435,0.6605504587155964
87,105 175,114,100,1.14,0.9158878504672897
88,175 493,95,113,0.8407079646017699,1.5576923076923077
89,243 292 309 427,102,106,0.9622641509433962,0.07692307692307693
90,72 149 359,131,80,1.6375,12.327014218009479
91,292 435,115,100,1.15,1.0465116279069768
92,383 682,84,124,0.6774193548387096,7.6923076923076925
93,11 12 13,130,115,1.1304347826086956,0.9183673469387755
94,34 292 309 325,103,113,0.911504424778761,0.46296296296296297
95,44 148,68,152,0.4473684210526316,32.07272727272727
96,64 559,77,144,0.5347222222222222,20.312217194570135
97,175 243 292 309,99,106,0.9339622641509434,0.23902439024390243
98,164 304,130,98,1.3265306122448979,4.491228070175438
99,300 301,137,91,1.5054945054945055,9.280701754385966
100,309 435,111,100,1.11,0.5734597156398105
101,44 69,79,126,0.626984126984127,10.77560975609756
102,292 493,101,103,0.9805825242718447,0.0196078431372549
103,309 493,100,102,0.9803921568627451,0.019801980198019802
104,105 292 309,110,98,1.1224489795918366,0.6923076923076923
105,158 383,92,117,0.7863247863247863,2.9904306220095696
106,175 243 427,99,99,1.0,0.0
107,476 568,96,110,0.8727272727272727,0.9514563106796117
108,175 435,104,101,1.0297029702970297,0.04390243902439024
109,22 220 651,134,81,1.654320987654321,13.065116279069768
110,238 441,145,66,2.196969696969697,29.578199052132703
111,243 325,96,103,0.9320388349514563,0.24623115577889448
112,62 401,118,97,1.2164948453608246,2.0511627906976746
113,167 423,123,81,1.5185185185185186,8.647058823529411
114,133 299,99,94,1.053191489361702,0.12953367875647667
115,105 325,99,96,1.03125,0.046153846153846156
116,175 243 292 427,97,99,0.9797979797979798,0.02040816326530612
117,175 292 325,91,109,0.8348623853211009,1.62
118,243 493,97,96,1.0104166666666667,0.0051813471502590676
119,238 283,156,55,2.8363636363636364,48.345971563981045
120,292 309 435,105,98,1.0714285714285714,0.2413793103448276
121,292 309 493,97,100,0.97,0.04568527918781726
122,175 243 309 427,93,99,0.9393939393939394,0.1875
123,195 416,107,77,1.3896103896103895,4.891304347826087
124,105 427,98,98,1.0,0.0
125,168 441,85,116,0.7327586206896551,4.781094527363184
126,175 325 427,83,111,0.7477477477477478,4.041237113402062
127,283 441 580,107,89,1.202247191011236,1.653061224489796
128,383 644,93,97,0.9587628865979382,0.08421052631578947
129,177 195,104,71,1.4647887323943662,6.222857142857142
130,175 309 325,86,104,0.8269230769230769,1.7052631578947368
131,94 644,102,113,0.9026548672566371,0.5627906976744186
132,175 243 292 309 427,91,99,0.9191919191919192,0.3368421052631579
133,105 243 309,105,90,1.1666666666666667,1.1538461538461537
134,133 237,90,90,1.0,0.0
135,175 520,79,102,0.7745098039215687,2.9226519337016574
136,243 292 325,92,99,0.9292929292929293,0.25654450261780104
137,321 322,79,133,0.5939849624060151,13.754716981132075
138,92 643,77,126,0.6111111111111112,11.827586206896552
139,105 243 292,103,90,1.1444444444444444,0.8756476683937824
140,105 292 427,95,96,0.9895833333333334,0.005235602094240838
141,175 309 493,86,100,0.86,1.053763440860215
142,177 416,104,73,1.4246575342465753,5.429378531073446
143,378 476,75,94,0.7978723404255319,2.136094674556213
144,309 520,85,97,0.8762886597938144,0.7912087912087912
145,34 325 427,79,114,0.6929824561403509,6.347150259067358
146,175 292 309 325,85,102,0.8333333333333334,1.5454545454545454
147,243 309 325,88,97,0.9072164948453608,0.43783783783783786
148,283 461,86,109,0.7889908256880734,2.712820512820513
149,105 243 292 309,102,89,1.146067415730337,0.8848167539267016
150,175 292 325 427,82,107,0.7663551401869159,3.306878306878307
151,243 292 493,92,92,1.0,0.0
152,243 309 493,91,92,0.9891304347826086,0.00546448087431694
153,383 688,61,121,0.5041322314049587,19.78021978021978
154,48 383,108,80,1.35,4.170212765957447
155,100 509,96,91,1.054945054945055,0.13368983957219252
156,105 175 243,98,89,1.101123595505618,0.43315508021390375
157,105 309 427,94,92,1.0217391304347827,0.021505376344086023
158,175 243 520,75,99,0.7575757575757576,3.310344827586207
159,175 292 493,86,98,0.8775510204081632,0.782608695652174
160,243 325 427,80,102,0.7843137254901961,2.659340659340659
161,292 520,85,94,0.9042553191489362,0.45251396648044695
162,34 292 325 427,79,112,0.7053571428571429,5.701570680628272
163,427 493,87,92,0.9456521739130435,0.13966480446927373
164,100 344,88,90,0.9777777777777777,0.02247191011235955
165,12 244,107,63,1.6984126984126984,11.388235294117647
166,243 292 309 325,87,97,0.8969072164948454,0.5434782608695652
167,325 424,101,97,1.041237113402062,0.08080808080808081
168,41 48,115,70,1.6428571428571428,10.945945945945946
169,427 435,101,86,1.1744186046511629,1.2032085561497325
170,92 676,117,84,1.3928571428571428,5.417910447761194
171,175 292 309 493,84,98,0.8571428571428571,1.0769230769230769
172,243 292 309 493,90,91,0.989010989010989,0.0055248618784530384
173,386 676,117,83,1.4096385542168675,5.78
174,105 292 309 427,92,92,1.0,0.0
175,383 615,94,79,1.1898734177215189,1.300578034682081
176,41 330,96,84,1.1428571428571428,0.8
177,175 309 325 427,77,103,0.7475728155339806,3.7555555555555555
178,175 309 435,93,90,1.0333333333333334,0.04918032786885246
179,243 309 435,101,83,1.216867469879518,1.7608695652173914
180,264 309,64,114,0.5614035087719298,14.044943820224718
181,292 309 520,82,94,0.8723404255319149,0.8181818181818182
182,34 309 325 427,73,112,0.6517857142857143,8.221621621621622
183,105 175 309,93,89,1.0449438202247192,0.08791208791208792
184,175 243 435,91,90,1.011111111111111,0.0055248618784530384
185,175 292 435,93,90,1.0333333333333334,0.04918032786885246
186,240 568,86,103,0.8349514563106796,1.529100529100529
187,292 427 435,99,86,1.1511627906976745,0.9135135135135135
188,167 215,103,79,1.3037974683544304,3.1648351648351647
189,243 309 520,79,93,0.8494623655913979,1.1395348837209303
190,292 427 493,86,91,0.945054945054945,0.14124293785310735
191,41 330 383,96,82,1.170731707317073,1.101123595505618
192,69 148,81,109,0.7431192660550459,4.126315789473685
193,78 359,94,91,1.032967032967033,0.04864864864864865
194,105 175 292,91,90,1.011111111111111,0.0055248618784530384
195,175 243 493,84,90,0.9333333333333333,0.20689655172413793
196,243 292 435,98,83,1.180722891566265,1.2430939226519337
197,309 427 493,85,90,0.9444444444444444,0.14285714285714285
198,34 175,67,102,0.6568627450980392,7.2485207100591715
199,34 292 309 325 427,73,111,0.6576576576576577,7.8478260869565215
200,44 52,75,102,0.7352941176470589,4.11864406779661
201,238 580,123,62,1.9838709677419355,20.113513513513514
202,243 292 325 427,79,99,0.797979797979798,2.247191011235955
203,41 644,103,70,1.4714285714285715,6.294797687861272
204,441 461,68,115,0.591304347826087,12.07103825136612
205,100 195,97,67,1.4477611940298507,5.487804878048781
206,105 243 427,92,86,1.069767441860465,0.20224719101123595
207,105 493,96,84,1.1428571428571428,0.8
208,175 292 309 435,90,89,1.0112359550561798,0.00558659217877095
209,119 292,65,110,0.5909090909090909,11.571428571428571
210,175 292 309 325 427,76,101,0.7524752475247525,3.531073446327684
211,243 292 520,79,90,0.8777777777777778,0.7159763313609467
212,243 648,85,90,0.9444444444444444,0.14285714285714285
213,292 309 427 493,84,90,0.9333333333333333,0.20689655172413793
214,461 580,79,100,0.79,2.463687150837989
215,6 27,113,65,1.7384615384615385,12.9438202247191
216,78 149,115,73,1.5753424657534247,9.382978723404255
217,105 175 292 309,90,88,1.0227272727272727,0.02247191011235955
218,158 644,68,115,0.591304347826087,12.07103825136612
219,178 383,74,99,0.7474747474747475,3.61271676300578
220,243 292 309 435,96,82,1.170731707317073,1.101123595505618
221,105 175 243 309,90,87,1.0344827586206897,0.05084745762711865
222,175 243 309 493,81,90,0.9,0.47368421052631576
223,175 243 325,79,93,0.8494623655913979,1.1395348837209303
224,34 243,77,92,0.8369565217391305,1.331360946745562
225,383 438,113,72,1.5694444444444444,9.086486486486486
226,386 643,86,101,0.8514851485148515,1.2032085561497325
227,92 386 676,112,79,1.4177215189873418,5.701570680628272
228,105 243 292 427,90,86,1.0465116279069768,0.09090909090909091
229,105 243 309 427,91,85,1.0705882352941176,0.20454545454545456
230,243 292 309 520,77,90,0.8555555555555555,1.0119760479041917
231,243 309 325 427,75,97,0.7731958762886598,2.813953488372093
232,272 383,81,93,0.8709677419354839,0.8275862068965517
233,309 427 435,93,85,1.0941176470588236,0.3595505617977528
234,10 461,73,111,0.6576576576576577,7.8478260869565215
235,105 175 243 292,89,87,1.0229885057471264,0.022727272727272728
236,105 435,100,80,1.25,2.2222222222222223
237,119 309,61,108,0.5648148148148148,13.071005917159763
238,175 243 292 493,82,89,0.9213483146067416,0.28654970760233917
239,433 489,106,80,1.325,3.6344086021505375
240,6 569,85,88,0.9659090909090909,0.05202312138728324
241,105 175 427,86,87,0.9885057471264368,0.005780346820809248
242,175 427 493,80,88,0.9090909090909091,0.38095238095238093
243,243 427 493,80,86,0.9302325581395349,0.21686746987951808
244,292 309 427 435,91,85,1.0705882352941176,0.20454545454545456
245,105 175 243 292 309,88,87,1.0114942528735633,0.005714285714285714
246,105 243 292 309 427,89,85,1.0470588235294118,0.09195402298850575
247,136 286,124,65,1.9076923076923078,18.417989417989418
248,175 243 292 309 493,80,89,0.898876404494382,0.47928994082840237
249,243 292 309 325 427,74,97,0.7628865979381443,3.0935672514619883
250,34 175 309,65,98,0.6632653061224489,6.680981595092025
251,41 615,106,58,1.8275862068965518,14.048780487804878
252,166 383,61,100,0.61,9.4472049689441
253,175 309 520,71,92,0.7717391304347826,2.705521472392638
254,264 292,70,102,0.6862745098039216,5.953488372093023
255,278 514,48,125,0.384,34.27167630057804
256,100 416,90,70,1.2857142857142858,2.5
257,175 243 292 325,78,92,0.8478260869565217,1.1529411764705881
258,175 309 427 493,78,88,0.8863636363636364,0.6024096385542169
259,467 476,80,67,1.1940298507462686,1.1496598639455782
260,105 292 325,88,86,1.0232558139534884,0.022988505747126436
261,119 243,55,108,0.5092592592592593,17.233128834355828
262,175 243 309 325,74,92,0.8043478260869565,1.9518072289156627
263,175 292 427 493,79,88,0.8977272727272727,0.48502994011976047
264,175 292 520,72,90,0.8,2.0
265,196 383,102,65,1.5692307692307692,8.197604790419161
266,34 243 309,75,90,0.8333333333333334,1.3636363636363635
267,41 48 383,103,65,1.5846153846153845,8.595238095238095
268,493 520,81,82,0.9878048780487805,0.006134969325153374
269,105 175 292 427,83,86,0.9651162790697675,0.05325443786982249
270,105 309 493,90,80,1.125,0.5882352941176471
271,149 535,99,88,1.125,0.6470588235294118
272,168 283,73,101,0.7227722772277227,4.505747126436781
273,243 292 427 493,79,85,0.9294117647058824,0.21951219512195122
274,427 520,72,85,0.8470588235294118,1.0764331210191083
275,105 175 309 427,84,84,1.0,0.0
276,105 292 493,90,81,1.1111111111111112,0.47368421052631576
277,105 651,105,79,1.3291139240506329,3.6739130434782608
278,175 292 309 427 493,77,88,0.875,0.7333333333333333
279,325 493,82,81,1.0123456790123457,0.006134969325153374
280,88 476,79,61,1.2950819672131149,2.3142857142857145
281,175 292 309 520,70,90,0.7777777777777778,2.5
282,243 309 427 493,78,84,0.9285714285714286,0.2222222222222222
283,467 659,51,97,0.5257731958762887,14.297297297297296
284,88 665,99,46,2.152173913043478,19.372413793103448
285,105 175 243 427,84,83,1.0120481927710843,0.005988023952095809
286,105 243 493,88,78,1.1282051282051282,0.6024096385542169
287,105 520,84,80,1.05,0.0975609756097561
288,175 243 292 309 325,73,92,0.7934782608695652,2.187878787878788
289,175 243 309 435,85,80,1.0625,0.15151515151515152
290,175 243 309 520,68,89,0.7640449438202247,2.8089171974522293
291,175 243 325 427,72,92,0.782608695652174,2.4390243902439024
292,23 179,50,135,0.37037037037037035,39.054054054054056
293,34 175 292,64,97,0.6597938144329897,6.763975155279503
294,34 243 292,72,90,0.8,2.0
295,644 688,61,102,0.5980392156862745,10.312883435582823
296,72 78,108,73,1.4794520547945205,6.767955801104972
297,105 175 292 309 427,82,84,0.9761904761904762,0.024096385542168676
298,105 309 325,86,81,1.0617283950617284,0.1497005988023952
299,242 276,99,81,1.2222222222222223,1.8
300,243 292 309 427 493,77,84,0.9166666666666666,0.30434782608695654
301,27 569,97,67,1.4477611940298507,5.487804878048781
302,34 243 292 309,72,90,0.8,2.0
303,10 238,96,79,1.2151898734177216,1.6514285714285715
304,105 175 243 309 427,83,83,1.0,0.0
305,119 292 309,57,105,0.5428571428571428,14.222222222222221
306,175 243 292 520,69,87,0.7931034482758621,2.076923076923077
307,175 264,64,95,0.6736842105263158,6.044025157232705
308,207 476,80,65,1.2307692307692308,1.5517241379310345
309,231 493,80,84,0.9523809523809523,0.0975609756097561
310,238 283 441,128,43,2.9767441860465116,42.251461988304094
311,243 427 435,88,76,1.1578947368421053,0.8780487804878049
312,243 427 520,68,84,0.8095238095238095,1.6842105263157894
313,34 175 292 309,64,96,0.6666666666666666,6.4
314,476 659,53,87,0.6091954022988506,8.257142857142858
315,10 283,83,87,0.9540229885057471,0.09411764705882353
316,105 175 243 292 427,82,83,0.9879518072289156,0.006060606060606061
317,105 243 309 493,86,78,1.1025641025641026,0.3902439024390244
318,105 292 309 493,87,79,1.1012658227848102,0.3855421686746988
319,175 243 292 435,84,79,1.0632911392405062,0.15337423312883436
320,175 427 435,87,76,1.144736842105263,0.7423312883435583
321,22 424,85,94,0.9042553191489362,0.45251396648044695
322,292 427 520,71,84,0.8452380952380952,1.0903225806451613
323,309 427 520,70,84,0.8333333333333334,1.2727272727272727
324,34 105,77,86,0.8953488372093024,0.49693251533742333
325,34 175 427,59,98,0.6020408163265306,9.687898089171975
326,41 158,87,80,1.0875,0.2934131736526946
327,105 243 435,93,74,1.2567567567567568,2.161676646706587
328,105 292 309 325,85,81,1.0493827160493827,0.0963855421686747
329,158 330,71,92,0.7717391304347826,2.705521472392638
330,168 580,68,97,0.7010309278350515,5.096969696969697
331,175 243 292 325 427,71,92,0.7717391304347826,2.705521472392638
332,175 243 427 493,76,82,0.926829268292683,0.22784810126582278
333,243 264,65,95,0.6842105263157895,5.625
334,359 700,88,88,1.0,0.0
335,105 175 243 292 309 427,81,83,0.9759036144578314,0.024390243902439025
336,105 243 292 493,86,78,1.1025641025641026,0.3902439024390244
337,175 243 292 309 435,82,79,1.0379746835443038,0.055900621118012424
338,175 243 292 309 520,67,87,0.7701149425287356,2.5974025974025974
339,243 292 427 435,86,76,1.131578947368421,0.6172839506172839
340,276 558,77,101,0.7623762376237624,3.235955056179775
341,41 383 644,89,66,1.3484848484848484,3.412903225806452
342,52 148,71,94,0.7553191489361702,3.206060606060606
