cohort_idx,members,total_occurrences,first_seen,last_seen,time_span_days,recurrence_rate_per_day,mean_gap_days,median_gap_days,min_gap_days,max_gap_days,std_gap_days
0,47 449,486,152100,2275200,24.572916666666668,19.777871979652396,0.050665807560137464,0.017361111111111112,0.003472222222222222,2.8506944444444446,0.1705619380311399
1,448 449,434,132300,2309100,25.194444444444443,17.226019845644984,0.0581857839363613,0.020833333333333332,0.003472222222222222,2.923611111111111,0.1749035751723529
2,47 448,417,146400,2275200,24.63888888888889,16.92446448703495,0.05922809829059828,0.020833333333333332,0.003472222222222222,2.107638888888889,0.1678764249560274
3,47 448 449,406,158400,2275200,24.5,16.571428571428573,0.06049382716049383,0.020833333333333332,0.003472222222222222,3.1319444444444446,0.2028607054155808
4,64 262,379,420000,2376000,22.63888888888889,16.74110429447853,0.059891240446796,0.013888888888888888,0.003472222222222222,2.9305555555555554,0.21720781490617722
5,90 91,382,1200,2418600,27.979166666666668,13.6530156366344,0.07343613298337709,0.020833333333333332,0.0,2.0520833333333335,0.17482736629090997
6,292 309,357,133200,2293200,25.0,14.28,0.0702247191011236,0.006944444444444444,0.0,3.0347222222222223,0.3086883045813767
7,292 427,354,133200,2301900,25.100694444444443,14.103195462719603,0.0711067831287378,0.006944444444444444,0.0,3.0347222222222223,0.3178415978161271
8,542 635,373,560400,2405100,21.350694444444443,17.470157749227518,0.05739433990442055,0.013888888888888888,0.003472222222222222,2.2291666666666665,0.17267263097345487
9,64 525,339,6900,2385000,27.524305555555557,12.316387031663933,0.0814328566732413,0.020833333333333332,0.003472222222222222,2.3645833333333335,0.2218805272213941
10,292 325,337,219300,2310000,24.197916666666668,13.926818768833405,0.07201760912698413,0.006944444444444444,0.0,3.9131944444444446,0.35669748074111873
11,448 542,353,554400,2309100,20.30902777777778,17.381432723542485,0.057696101641414144,0.017361111111111112,0.003472222222222222,2.2291666666666665,0.15550370935562438
12,64 90,340,1200,2418600,27.979166666666668,12.151898734177214,0.08253441494591936,0.024305555555555556,0.0,2.0520833333333335,0.2040917406538365
13,64 91,343,1200,2418600,27.979166666666668,12.259121370067014,0.08181042884990254,0.024305555555555556,0.0,1.5104166666666667,0.15782790761526172
14,325 427,324,219600,2301900,24.100694444444443,13.44359602362772,0.07461515307877536,0.006944444444444444,0.0,3.7916666666666665,0.3547572462759709
15,119 175,315,122100,2363400,25.94097222222222,12.142952750635793,0.08261456121726822,0.006944444444444444,0.0,4.864583333333333,0.3724543367925614
16,283 441,319,132300,2294700,25.02777777777778,12.745837957824639,0.0787037037037037,0.006944444444444444,0.003472222222222222,4.239583333333333,0.3740692524130378
17,22 651,328,327000,2331600,23.20138888888889,14.13708470517809,0.0709522595990486,0.017361111111111112,0.003472222222222222,2.0972222222222223,0.21443284065560358
18,262 525,331,420000,2376300,22.64236111111111,14.618616776568011,0.06861321548821549,0.017361111111111112,0.003472222222222222,2.7465277777777777,0.2169343783533741
19,12 13,330,54900,2117400,23.87152777777778,13.824,0.07255783519081392,0.024305555555555556,0.003472222222222222,3.2604166666666665,0.22388078058993438
20,309 427,301,133200,2293200,25.0,12.04,0.08333333333333333,0.006944444444444444,0.0,3.0347222222222223,0.3459109499395268
21,292 309 427,295,133200,2293200,25.0,11.8,0.08503401360544217,0.006944444444444444,0.0,3.0347222222222223,0.3493797217200029
22,309 325,285,219300,2293200,24.00347222222222,11.873282221900768,0.08451926838810642,0.006944444444444444,0.0,4.017361111111111,0.3921264652292263
23,34 309,280,133200,2291700,24.98263888888889,11.207783182765809,0.08954350856232578,0.006944444444444444,0.0,4.152777777777778,0.3991696911917958
24,62 286,296,62400,2385900,26.89236111111111,11.006843124596514,0.09116054613935969,0.024305555555555556,0.003472222222222222,1.1631944444444444,0.1734971297451708
25,41 383,279,122400,2283300,25.010416666666668,11.155351936693044,0.08996552757793765,0.006944444444444444,0.0,3.0694444444444446,0.3752905548915192
26,292 309 325,280,219300,2293200,24.00347222222222,11.664979025025316,0.08603395061728393,0.006944444444444444,0.0,4.017361111111111,0.3956567801717375
27,92 386,288,114900,2297100,25.256944444444443,11.402804509210888,0.0880032907471932,0.006944444444444444,0.0,2.9027777777777777,0.3253163500005449
28,292 325 427,278,219600,2301900,24.100694444444443,11.534937328915143,0.08700611712795828,0.006944444444444444,0.0,3.9131944444444446,0.39528388587191443
29,220 651,289,326700,2274600,22.54513888888889,12.81872786077314,0.07828173225308642,0.017361111111111112,0.003472222222222222,2.4618055555555554,0.2700602705981756
30,64 90 91,287,1200,2418600,27.979166666666668,10.257632166790767,0.09782925407925407,0.027777777777777776,0.0,2.0520833333333335,0.22787106194690396
31,22 220,285,18600,2161800,24.805555555555557,11.48936170212766,0.0873435054773083,0.017361111111111112,0.003472222222222222,2.3194444444444446,0.25413735424666856
32,175 309,257,132900,2293200,25.00347222222222,10.278572420497154,0.09766981336805555,0.006944444444444444,0.003472222222222222,3.9930555555555554,0.4003403820204523
33,190 372,259,201600,2219400,23.354166666666668,11.090098126672613,0.0905200258397933,0.006944444444444444,0.0,4.590277777777778,0.4609538026253916
34,175 292,262,133200,2293200,25.0,10.48,0.09578544061302682,0.006944444444444444,0.003472222222222222,3.9756944444444446,0.39727794141674133
35,34 292,269,133200,2291700,24.98263888888889,10.767477414871438,0.09321880182421226,0.006944444444444444,0.0,4.152777777777778,0.40807881782158073
36,136 137,285,149100,2305200,24.95486111111111,11.420620564908864,0.08786922926447573,0.017361111111111112,0.0,3.2152777777777777,0.2866941153786568
37,448 635,286,560400,2274600,19.84027777777778,14.415120756037801,0.0696150097465887,0.017361111111111112,0.003472222222222222,1.4305555555555556,0.16853009624656368
38,64 262 525,282,420000,2376000,22.63888888888889,12.45644171779141,0.08056544088572558,0.017361111111111112,0.003472222222222222,2.9305555555555554,0.2631891135600832
39,441 580,262,64200,2294700,25.81597222222222,10.148755884330868,0.09891177096636868,0.006944444444444444,0.0,3.0625,0.36859954436606124
40,448 542 635,282,560400,2274600,19.84027777777778,14.213510675533776,0.0706059707394227,0.017361111111111112,0.003472222222222222,2.2291666666666665,0.19505476136562053
41,72 359,261,132900,2304900,25.13888888888889,10.38232044198895,0.0966880341880342,0.006944444444444444,0.0,4.715277777777778,0.42725538139100083
42,34 292 309,256,133200,2291700,24.98263888888889,10.247116052814455,0.0979711328976035,0.006944444444444444,0.0,4.152777777777778,0.4184321222530744
43,11 12,293,35400,2195100,24.99652777777778,11.721628003889428,0.08560454718417047,0.024305555555555556,0.003472222222222222,2.5277777777777777,0.22713854103116832
44,175 427,243,133200,2293200,25.0,9.72,0.10330578512396695,0.006944444444444444,0.003472222222222222,3.9930555555555554,0.41992308682609303
45,286 401,255,77400,2385900,26.71875,9.543859649122806,0.10519192913385825,0.020833333333333332,0.003472222222222222,2.0,0.24334780953958718
46,175 292 309,244,133200,2293200,25.0,9.76,0.102880658436214,0.010416666666666666,0.003472222222222222,3.9930555555555554,0.41180124152995734
47,72 149,253,201300,2301900,24.3125,10.406169665809768,0.09647817460317461,0.006944444444444444,0.0,3.7847222222222223,0.4233094785698861
48,175 243,237,133200,2293200,25.0,9.48,0.1059322033898305,0.010416666666666666,0.003472222222222222,4.038194444444445,0.4173258296727915
49,243 309,240,133200,2293800,25.006944444444443,9.597334073868371,0.10463156671315667,0.010416666666666666,0.003472222222222222,3.0381944444444446,0.383039860451149
50,243 292,237,133200,2293200,25.0,9.48,0.1059322033898305,0.010416666666666666,0.003472222222222222,3.0381944444444446,0.38594444090409263
51,283 580,241,132300,2297400,25.05902777777778,9.617292503810447,0.10441261574074075,0.006944444444444444,0.003472222222222222,5.819444444444445,0.48551342823640287
52,34 427,239,133200,2291700,24.98263888888889,9.566643502432244,0.10496907096171802,0.006944444444444444,0.0,4.819444444444445,0.4600956926340269
53,83 651,266,333900,2360700,23.458333333333332,11.339253996447603,0.08852201257861636,0.024305555555555556,0.003472222222222222,3.09375,0.24612710315454284
54,10 515,259,216300,2291400,24.01736111111111,10.78386583779095,0.09309054694229113,0.006944444444444444,0.0,3.9479166666666665,0.4530809205580626
55,175 292 427,234,133200,2293200,25.0,9.36,0.10729613733905581,0.006944444444444444,0.003472222222222222,3.9930555555555554,0.42866668311481076
56,149 359,227,201300,2301900,24.3125,9.336760925449871,0.10757743362831858,0.010416666666666666,0.0,4.715277777777778,0.48000181553648696
57,309 325 427,236,219600,2293200,24.0,9.833333333333334,0.10212765957446808,0.006944444444444444,0.0,4.017361111111111,0.4335173098443839
58,243 292 309,229,133200,2293200,25.0,9.16,0.10964912280701754,0.010416666666666666,0.003472222222222222,3.0381944444444446,0.3926407662363756
59,34 292 427,234,133200,2291700,24.98263888888889,9.366504517025712,0.10722162613257036,0.006944444444444444,0.0,4.819444444444445,0.4650547820942047
60,83 105,256,8400,2360700,27.225694444444443,9.402882285422779,0.10676742919389978,0.024305555555555556,0.003472222222222222,1.2256944444444444,0.21875939492643182
61,175 309 427,224,133200,2293200,25.0,8.96,0.11210762331838565,0.006944444444444444,0.003472222222222222,3.9930555555555554,0.4376324300896878
62,292 309 325 427,233,219600,2293200,24.0,9.708333333333334,0.10344827586206896,0.006944444444444444,0.0,4.017361111111111,0.4363197427832365
63,243 427,221,133200,2293200,25.0,8.84,0.11363636363636363,0.010416666666666666,0.003472222222222222,3.0381944444444446,0.40155108313907745
64,100 177,215,122400,2286300,25.04513888888889,8.584500207957854,0.11703335929387332,0.013888888888888888,0.003472222222222222,4.131944444444445,0.39887404257505776
65,243 520,216,133200,2293200,25.0,8.64,0.11627906976744186,0.006944444444444444,0.0,3.1180555555555554,0.4222896399559451
66,11 13,263,54900,2322900,26.25,10.019047619047619,0.10019083969465649,0.024305555555555556,0.003472222222222222,3.4618055555555554,0.28514926204443153
67,34 309 427,224,133200,2291700,24.98263888888889,8.966226546212647,0.11202977080219231,0.006944444444444444,0.0,4.819444444444445,0.4752293972643763
68,359 677,237,9000,2306100,26.586805555555557,8.914196160376125,0.11265595574387947,0.020833333333333332,0.003472222222222222,6.295138888888889,0.4744898134883156
69,240 476,217,79500,2418000,27.06597222222222,8.017447081462477,0.1253054269547325,0.03125,0.0,1.8125,0.2371467864552025
70,330 383,222,122400,2285100,25.03125,8.868913857677903,0.1132635746606335,0.010416666666666666,0.0,3.7604166666666665,0.4426187890887688
71,175 292 309 427,219,133200,2293200,25.0,8.76,0.11467889908256883,0.010416666666666666,0.003472222222222222,3.9930555555555554,0.4424632508327172
72,243 292 427,216,133200,2293200,25.0,8.64,0.11627906976744186,0.010416666666666666,0.003472222222222222,3.0381944444444446,0.4137128639939838
73,34 292 309 427,222,133200,2291700,24.98263888888889,8.886170952050035,0.11304361488185016,0.006944444444444444,0.0,4.819444444444445,0.4772824049690891
74,34 325,227,219600,2291700,23.98263888888889,9.465180251918344,0.10611787118977385,0.006944444444444444,0.0,4.159722222222222,0.45071341757222166
75,237 299,212,127200,2319600,25.375,8.354679802955665,0.12026066350710901,0.006944444444444444,0.0,3.1180555555555554,0.43191374971538654
76,105 292,220,133200,2290500,24.96875,8.811013767209012,0.11401255707762557,0.010416666666666666,0.003472222222222222,3.0381944444444446,0.40072783191133415
77,175 243 309,210,133200,2293200,25.0,8.4,0.11961722488038277,0.010416666666666666,0.003472222222222222,4.038194444444445,0.44551160119939676
78,243 309 427,210,133200,2293200,25.0,8.4,0.11961722488038277,0.010416666666666666,0.003472222222222222,3.0381944444444446,0.41964628587586456
79,34 292 325,224,219600,2291700,23.98263888888889,9.340089764007528,0.1075454658694569,0.006944444444444444,0.0,4.159722222222222,0.45375764479085984
80,105 243,215,133200,2290800,24.97222222222222,8.60956618464961,0.11669262720664587,0.010416666666666666,0.003472222222222222,3.0381944444444446,0.40616546884876437
81,158 688,225,287100,2325900,23.59722222222222,9.53502060035315,0.10534474206349206,0.008680555555555556,0.0,6.003472222222222,0.5081516710843371
82,175 243 292,211,133200,2293200,25.0,8.44,0.11904761904761904,0.010416666666666666,0.003472222222222222,4.038194444444445,0.44545878645928455
83,105 309,216,132900,2290800,24.975694444444443,8.64840817461421,0.11616602067183462,0.010416666666666666,0.0,3.0381944444444446,0.40641894015893254
84,243 435,216,133200,2275200,24.791666666666668,8.712605042016806,0.11531007751937983,0.006944444444444444,0.0,3.03125,0.40695215975128546
85,175 325,209,219300,2293200,24.00347222222222,8.707073629393896,0.11540130876068377,0.006944444444444444,0.003472222222222222,4.802083333333333,0.5054654638757788
86,34 309 325,218,219600,2291700,23.98263888888889,9.089908788185898,0.11051907322068613,0.006944444444444444,0.0,4.159722222222222,0.4602030149627866
87,105 175,214,132600,2290500,24.975694444444443,8.56833032114556,0.11725678142931663,0.010416666666666666,0.003472222222222222,2.986111111111111,0.386978061994395
88,175 493,208,132600,2291700,24.989583333333332,8.323468111713215,0.12072262479871176,0.010416666666666666,0.003472222222222222,4.076388888888889,0.4500095614501979
89,243 292 309 427,208,133200,2293200,25.0,8.32,0.12077294685990338,0.010416666666666666,0.003472222222222222,3.0381944444444446,0.4215035623462002
90,72 149 359,211,201300,2301900,24.3125,8.67866323907455,0.11577380952380953,0.010416666666666666,0.0,4.715277777777778,0.4990067958637178
91,292 435,215,133200,2275200,24.791666666666668,8.672268907563025,0.11584890965732088,0.006944444444444444,0.003472222222222222,3.0381944444444446,0.4094707602715115
92,383 682,208,213300,2359800,24.84375,8.372327044025157,0.12001811594202899,0.013888888888888888,0.003472222222222222,4.78125,0.5198807529232846
93,11 12 13,245,54900,2101200,23.68402777777778,10.3445242633045,0.09706568761384335,0.024305555555555556,0.003472222222222222,3.4618055555555554,0.2947164037959913
94,34 292 309 325,216,219600,2291700,23.98263888888889,9.006515129578688,0.11154715762273901,0.006944444444444444,0.0,4.159722222222222,0.4622431317376222
95,44 148,220,33600,2298300,26.211805555555557,8.393164657570539,0.11968860984271942,0.024305555555555556,0.003472222222222222,3.1840277777777777,0.3717530532702705
96,64 559,221,126600,2297700,25.12847222222222,8.79480447699323,0.11422032828282828,0.006944444444444444,0.0,2.9895833333333335,0.3557789261170481
97,175 243 292 309,205,133200,2293200,25.0,8.2,0.12254901960784313,0.010416666666666666,0.003472222222222222,4.038194444444445,0.4517170303196044
98,164 304,228,127800,2359200,25.82638888888889,8.828179618176929,0.11377263827704358,0.010416666666666666,0.0,3.0034722222222223,0.35941503931816693
99,300 301,228,42300,2276700,25.86111111111111,8.816326530612246,0.11392559960841901,0.020833333333333332,0.003472222222222222,2.6770833333333335,0.28739885542877697
100,309 435,211,133200,2275200,24.791666666666668,8.5109243697479,0.11805555555555554,0.006944444444444444,0.003472222222222222,3.0381944444444446,0.41239738493486716
101,44 69,205,33600,2298300,26.211805555555557,7.820903430918002,0.12848924291938996,0.020833333333333332,0.003472222222222222,4.756944444444445,0.4548941765177795
102,292 493,204,133200,2291700,24.98263888888889,8.165670604586518,0.12306718664477286,0.010416666666666666,0.003472222222222222,3.0381944444444446,0.4168691707750356
103,309 493,202,132900,2291700,24.98611111111111,8.084491384102279,0.12430901050304037,0.010416666666666666,0.003472222222222222,3.0381944444444446,0.4192402868582671
104,105 292 309,208,133200,2290500,24.96875,8.330413016270338,0.1206219806763285,0.010416666666666666,0.003472222222222222,3.0381944444444446,0.4140835619753292
105,158 383,209,122400,2325900,25.50347222222222,8.19496255956433,0.12261284722222225,0.010416666666666666,0.0,5.597222222222222,0.5311937352969511
106,175 243 427,198,133200,2293200,25.0,7.92,0.12690355329949238,0.010416666666666666,0.003472222222222222,4.038194444444445,0.4680836608282826
107,476 568,206,79500,2418000,27.06597222222222,7.6110327132777424,0.1320291327913279,0.020833333333333332,0.003472222222222222,4.475694444444445,0.49524738486981046
108,175 435,205,133200,2275200,24.791666666666668,8.26890756302521,0.12152777777777776,0.006944444444444444,0.003472222222222222,4.041666666666667,0.46054866468810196
109,22 220 651,215,327000,2161800,21.23611111111111,10.12426422498365,0.09923416407061268,0.017361111111111112,0.003472222222222222,2.611111111111111,0.32832176117724315
110,238 441,211,132300,2199000,23.92013888888889,8.821019015822325,0.1139054232804233,0.006944444444444444,0.003472222222222222,3.0625,0.4236704000516274
111,243 325,199,219300,2293200,24.00347222222222,8.290467235642991,0.12122965768799102,0.010416666666666666,0.003472222222222222,4.013888888888889,0.46750699940349505
112,62 401,215,42900,2385900,27.118055555555557,7.928297055057618,0.12671988577362409,0.027777777777777776,0.003472222222222222,1.7986111111111112,0.2581632226297886
113,167 423,204,132900,2278200,24.82986111111111,8.21591385820165,0.12231458675424194,0.006944444444444444,0.0,2.888888888888889,0.4783508773083614
114,133 299,193,127200,2295000,25.09027777777778,7.692222529753667,0.1306785300925926,0.010416666666666666,0.003472222222222222,3.9618055555555554,0.4704913481880998
115,105 325,195,219300,2290500,23.97222222222222,8.134414831981461,0.12356815578465062,0.010416666666666666,0.003472222222222222,4.079861111111111,0.4512242663333545
116,175 243 292 427,196,133200,2293200,25.0,7.84,0.1282051282051282,0.010416666666666666,0.003472222222222222,4.038194444444445,0.4703009878114347
117,175 292 325,200,219300,2293200,24.00347222222222,8.332127875018083,0.12062046342825238,0.006944444444444444,0.003472222222222222,4.802083333333333,0.5254640372048288
118,243 493,193,133200,2291700,24.98263888888889,7.7253648366921475,0.13011791087962965,0.010416666666666666,0.003472222222222222,3.0347222222222223,0.42997163358967194
119,238 283,211,129900,2199000,23.947916666666668,8.810787298825575,0.11403769841269842,0.006944444444444444,0.003472222222222222,5.850694444444445,0.5366421233112038
120,292 309 435,203,133200,2275200,24.791666666666668,8.188235294117646,0.12273102310231022,0.006944444444444444,0.003472222222222222,3.0381944444444446,0.4212714064784977
121,292 309 493,197,133200,2291700,24.98263888888889,7.885476025017373,0.12746244331065762,0.010416666666666666,0.003472222222222222,3.0381944444444446,0.4252151259163949
122,175 243 309 427,192,133200,2293200,25.0,7.68,0.13089005235602091,0.010416666666666666,0.003472222222222222,4.038194444444445,0.47506315430727725
123,195 416,184,122400,2286300,25.04513888888889,7.346735061694163,0.13685868245294475,0.010416666666666666,0.003472222222222222,2.8680555555555554,0.4514928273710982
124,105 427,196,133200,2290500,24.96875,7.849812265331664,0.12804487179487178,0.006944444444444444,0.003472222222222222,3.0381944444444446,0.4354564837329293
125,168 441,201,132300,2292600,25.00347222222222,8.03888348840439,0.1250173611111111,0.006944444444444444,0.003472222222222222,4.961805555555555,0.5292303996939007
126,175 325 427,194,219600,2293200,24.0,8.083333333333334,0.12435233160621761,0.006944444444444444,0.003472222222222222,4.802083333333333,0.5334105150826606
127,283 441 580,196,132300,2294700,25.02777777777778,7.831298557158712,0.12834757834757834,0.006944444444444444,0.003472222222222222,5.826388888888889,0.5469672455732333
128,383 644,190,122400,2285100,25.03125,7.590511860174781,0.13244047619047622,0.010416666666666666,0.003472222222222222,2.9895833333333335,0.4402492185769351
129,177 195,175,122400,2286300,25.04513888888889,6.987383890198253,0.1439375798212005,0.010416666666666666,0.0,2.8472222222222223,0.4940501484827842
130,175 309 325,190,219300,2293200,24.00347222222222,7.915521481267178,0.12700249853027631,0.006944444444444444,0.003472222222222222,4.802083333333333,0.5387763974491588
131,94 644,215,287400,2289600,23.17361111111111,9.277794426131257,0.10828790238836969,0.010416666666666666,0.0,4.815972222222222,0.523502620544961
132,175 243 292 309 427,190,133200,2293200,25.0,7.6,0.13227513227513227,0.010416666666666666,0.003472222222222222,4.038194444444445,0.477378647151038
133,105 243 309,195,133200,2290800,24.97222222222222,7.8086763070077865,0.12872279495990835,0.010416666666666666,0.003472222222222222,3.0381944444444446,0.4283644686102314
134,133 237,180,126900,2301000,25.163194444444443,7.153304815785843,0.14057650527622595,0.010416666666666666,0.003472222222222222,4.059027777777778,0.5403704754737978
135,175 520,181,133200,2293200,25.0,7.24,0.1388888888888889,0.010416666666666666,0.003472222222222222,4.038194444444445,0.4945511246580567
136,243 292 325,191,219300,2293200,24.00347222222222,7.957182120642268,0.12633406432748537,0.010416666666666666,0.003472222222222222,4.013888888888889,0.4862978020156395
137,321 322,212,383400,2196600,20.98611111111111,10.101919258769028,0.0994602422327541,0.006944444444444444,0.0,2.9270833333333335,0.3711536639231181
138,92 643,203,114900,2297100,25.256944444444443,8.037393456145175,0.1250343784378438,0.010416666666666666,0.003472222222222222,3.8541666666666665,0.4454772819680839
139,105 243 292,193,133200,2290500,24.96875,7.729662077596997,0.13004557291666666,0.010416666666666666,0.003472222222222222,3.0381944444444446,0.4303561116720711
140,105 292 427,191,133200,2290500,24.96875,7.649561952440551,0.13141447368421053,0.008680555555555556,0.003472222222222222,3.0381944444444446,0.44152864795114377
141,175 309 493,186,132900,2291700,24.98611111111111,7.444135630906059,0.13506006006006008,0.010416666666666666,0.003472222222222222,4.076388888888889,0.4777159465505121
142,177 416,177,122400,2286300,25.04513888888889,7.067239706086233,0.14230192550505052,0.010416666666666666,0.0,2.8194444444444446,0.5145295968172843
143,378 476,169,114600,2313300,25.447916666666668,6.64101514531314,0.15147569444444448,0.010416666666666666,0.003472222222222222,2.9722222222222223,0.5005215498661338
144,309 520,182,133200,2293200,25.0,7.28,0.13812154696132595,0.010416666666666666,0.003472222222222222,3.1180555555555554,0.4580801830256139
145,34 325 427,193,219600,2291700,23.98263888888889,8.047488055595773,0.12490957754629632,0.006944444444444444,0.0,4.819444444444445,0.5187376378680916
146,175 292 309 325,187,219300,2293200,24.00347222222222,7.790539563141907,0.12905092592592593,0.008680555555555556,0.003472222222222222,4.802083333333333,0.5430260295327823
147,243 309 325,185,219300,2293200,24.00347222222222,7.707218284391726,0.13045365338164255,0.010416666666666666,0.003472222222222222,4.038194444444445,0.49495962654285847
148,283 461,195,132600,2297400,25.055555555555557,7.78270509977827,0.12915234822451319,0.006944444444444444,0.0,5.770833333333333,0.5843260732419807
149,105 243 292 309,191,133200,2290500,24.96875,7.649561952440551,0.13141447368421053,0.010416666666666666,0.003472222222222222,3.0381944444444446,0.4324445226422916
150,175 292 325 427,189,219600,2293200,24.0,7.875,0.1276595744680851,0.006944444444444444,0.003472222222222222,4.802083333333333,0.5406497664072462
151,243 292 493,184,133200,2291700,24.98263888888889,7.365114662960389,0.13651715239829995,0.010416666666666666,0.003472222222222222,3.0381944444444446,0.4405236886642277
152,243 309 493,183,133200,2291700,24.98263888888889,7.325086865879083,0.13726724664224663,0.010416666666666666,0.003472222222222222,3.0381944444444446,0.4418343501847237
153,383 688,182,287100,2351100,23.88888888888889,7.618604651162791,0.13198281154082261,0.010416666666666666,0.003472222222222222,4.0625,0.49206715100937526
154,48 383,188,131400,2309400,25.208333333333332,7.457851239669422,0.13480392156862747,0.010416666666666666,0.003472222222222222,3.9965277777777777,0.4803661119637915
155,100 509,187,122400,2287800,25.0625,7.461346633416459,0.13474462365591397,0.013888888888888888,0.003472222222222222,4.986111111111111,0.5023929018459591
156,105 175 243,187,133200,2290500,24.96875,7.48936170212766,0.13424059139784947,0.010416666666666666,0.003472222222222222,4.090277777777778,0.4747057686920802
157,105 309 427,186,133200,2290500,24.96875,7.449311639549437,0.1349662162162162,0.006944444444444444,0.003472222222222222,3.0381944444444446,0.44884191968460724
158,175 243 520,174,133200,2293200,25.0,6.96,0.14450867052023122,0.010416666666666666,0.003472222222222222,4.038194444444445,0.504555827674515
159,175 292 493,184,133200,2291700,24.98263888888889,7.365114662960389,0.13651715239829992,0.010416666666666666,0.003472222222222222,4.076388888888889,0.4804929772228313
160,243 325 427,182,219600,2293200,24.0,7.583333333333333,0.13259668508287292,0.010416666666666666,0.003472222222222222,4.013888888888889,0.4928640620502343
161,292 520,179,133200,2293200,25.0,7.16,0.1404494382022472,0.010416666666666666,0.003472222222222222,3.1180555555555554,0.462754407129183
162,34 292 325 427,191,219600,2291700,23.98263888888889,7.964094396988562,0.1262244152046784,0.006944444444444444,0.0,4.819444444444445,0.5214973455889943
163,427 493,179,133200,2291700,24.98263888888889,7.164975677553857,0.1403519038701623,0.010416666666666666,0.003472222222222222,3.0381944444444446,0.45554299775368773
164,100 344,178,132900,2342400,25.572916666666668,6.960488798370672,0.14447975517890774,0.013888888888888888,0.003472222222222222,5.809027777777778,0.5927030108244313
165,12 244,170,132900,2202000,23.947916666666668,7.09873858199217,0.14170364891518739,0.006944444444444444,0.0,4.017361111111111,0.5280972167114991
166,243 292 309 325,184,219300,2293200,24.00347222222222,7.665557645016635,0.13116651487553127,0.010416666666666666,0.003472222222222222,4.038194444444445,0.49621605791650286
167,325 424,198,285300,2282700,23.118055555555557,8.564734154400721,0.11735053581500283,0.017361111111111112,0.003472222222222222,3.3506944444444446,0.40866750830202847
168,41 48,185,130200,2289600,24.993055555555557,7.402056126701861,0.13583182367149763,0.010416666666666666,0.003472222222222222,4.815972222222222,0.5200016866712106
169,427 435,187,133200,2275200,24.791666666666668,7.542857142857143,0.1332885304659498,0.006944444444444444,0.003472222222222222,3.0381944444444446,0.44900878923894516
170,92 676,201,114900,2283000,25.09375,8.009962640099626,0.12546875,0.010416666666666666,0.0,3.8229166666666665,0.42383442393410514
171,175 292 309 493,182,133200,2291700,24.98263888888889,7.285059068797776,0.13802562922038059,0.010416666666666666,0.003472222222222222,4.076388888888889,0.48324016095015043
172,243 292 309 493,181,133200,2291700,24.98263888888889,7.24503127171647,0.13879243827160495,0.010416666666666666,0.003472222222222222,3.0381944444444446,0.4444304936316501
173,386 676,200,114900,2283000,25.09375,7.970112079701121,0.1260992462311558,0.010416666666666666,0.0,3.8229166666666665,0.42541923902890816
174,105 292 309 427,184,133200,2290500,24.96875,7.369211514392991,0.1364412568306011,0.010416666666666666,0.003472222222222222,3.0381944444444446,0.45106534584007824
175,383 615,173,122400,2109000,22.993055555555557,7.5240108728480815,0.13368055555555555,0.006944444444444444,0.003472222222222222,3.09375,0.480872750907283
176,41 330,180,122400,2283300,25.010416666666668,7.197001249479383,0.13972299813780262,0.010416666666666666,0.0,4.90625,0.564168776743787
177,175 309 325 427,180,219600,2293200,24.0,7.5,0.1340782122905028,0.006944444444444444,0.003472222222222222,4.802083333333333,0.5538786475448402
178,175 309 435,183,133200,2275200,24.791666666666668,7.381512605042016,0.1362179487179487,0.006944444444444444,0.003472222222222222,4.041666666666667,0.4868222267166605
179,243 309 435,184,133200,2275200,24.791666666666668,7.421848739495798,0.1354735883424408,0.010416666666666666,0.003472222222222222,3.0381944444444446,0.4408907876346684
180,264 309,178,132900,2291700,24.98611111111111,7.123957754307949,0.14116446955430006,0.010416666666666666,0.003472222222222222,6.927083333333333,0.630379823079328
181,292 309 520,176,133200,2293200,25.0,7.04,0.14285714285714285,0.010416666666666666,0.003472222222222222,3.1180555555555554,0.4667166678684869
182,34 309 325 427,185,219600,2291700,23.98263888888889,7.713913421166932,0.13034042874396137,0.006944444444444444,0.0,4.819444444444445,0.5298100298005679
183,105 175 309,182,132900,2290500,24.97222222222222,7.2880978865406005,0.1379680785758134,0.010416666666666666,0.003472222222222222,4.090277777777778,0.4824474481535935
184,175 243 435,181,133200,2275200,24.791666666666668,7.300840336134454,0.13773148148148145,0.006944444444444444,0.003472222222222222,4.041666666666667,0.48961808168429455
185,175 292 435,183,133200,2275200,24.791666666666668,7.381512605042016,0.1362179487179487,0.006944444444444444,0.003472222222222222,4.041666666666667,0.48774080805158404
186,240 568,189,3000,2418000,27.95138888888889,6.7617391304347825,0.14867760047281325,0.027777777777777776,0.003472222222222222,4.503472222222222,0.5132780323808195
187,292 427 435,185,133200,2275200,24.791666666666668,7.462184873949579,0.1347373188405797,0.006944444444444444,0.003472222222222222,3.0381944444444446,0.45126773362753225
188,167 215,182,131400,2278200,24.84722222222222,7.324762437115707,0.13727747084100675,0.010416666666666666,0.0,2.96875,0.47378921856551526
189,243 309 520,172,133200,2293200,25.0,6.88,0.14619883040935672,0.010416666666666666,0.003472222222222222,3.1180555555555554,0.47195340571729166
190,292 427 493,177,133200,2291700,24.98263888888889,7.084920083391244,0.14194681186868688,0.010416666666666666,0.003472222222222222,3.0381944444444446,0.45800653726687646
191,41 330 383,178,122400,2283300,25.010416666666668,7.117034568929612,0.1413017890772128,0.010416666666666666,0.0,4.90625,0.5672880769529925
192,69 148,190,33600,2298300,26.211805555555557,7.248642204265465,0.13868680188124632,0.027777777777777776,0.003472222222222222,5.072916666666667,0.4643554318022735
193,78 359,185,201300,2395500,25.395833333333332,7.2846595570139465,0.13802083333333334,0.010416666666666666,0.003472222222222222,4.979166666666667,0.5203016924821231
194,105 175 292,181,133200,2290500,24.96875,7.249061326658323,0.13871527777777773,0.010416666666666666,0.003472222222222222,4.090277777777778,0.48252386649533874
195,175 243 493,174,133200,2291700,24.98263888888889,6.964836692147324,0.14440831727681436,0.010416666666666666,0.003472222222222222,4.076388888888889,0.49312197229842175
196,243 292 435,181,133200,2275200,24.791666666666668,7.300840336134454,0.13773148148148145,0.010416666666666666,0.003472222222222222,3.0381944444444446,0.44524276055481765
197,309 427 493,175,133200,2291700,24.98263888888889,7.0048644892286305,0.14357838441890167,0.010416666666666666,0.003472222222222222,3.0381944444444446,0.4609815228180922
198,34 175,169,133200,2291700,24.98263888888889,6.764697706740792,0.14870618386243384,0.010416666666666666,0.003472222222222222,4.145833333333333,0.5469390338214383
199,34 292 309 325 427,184,219600,2291700,23.98263888888889,7.672216591863327,0.13105267152398298,0.006944444444444444,0.0,4.819444444444445,0.5311969156505598
200,44 52,177,81000,2294100,25.614583333333332,6.910126067507117,0.1455374053030303,0.024305555555555556,0.003472222222222222,3.4756944444444446,0.4229371949883459
201,238 580,185,132300,2274900,24.79861111111111,7.460095211425371,0.1347750603864734,0.006944444444444444,0.003472222222222222,3.0555555555555554,0.4521030702085367
202,243 292 325 427,178,219600,2293200,24.0,7.416666666666667,0.13559322033898308,0.010416666666666666,0.003472222222222222,4.013888888888889,0.5058261490789802
203,41 644,173,122400,2289600,25.083333333333332,6.897009966777409,0.14583333333333334,0.010416666666666666,0.003472222222222222,3.0208333333333335,0.48254840046456793
204,441 461,183,132600,2294100,25.01736111111111,7.314920194309507,0.1374580280830281,0.006944444444444444,0.003472222222222222,4.038194444444445,0.5435850314696774
205,100 195,164,122400,2287800,25.0625,6.543640897755611,0.15375766871165644,0.010416666666666666,0.003472222222222222,4.920138888888889,0.5472518318721213
206,105 243 427,178,133200,2290500,24.96875,7.128911138923654,0.14106638418079095,0.010416666666666666,0.003472222222222222,3.0381944444444446,0.4585707120174178
207,105 493,180,132600,2290500,24.975694444444443,7.207006812178507,0.1395290192427064,0.010416666666666666,0.003472222222222222,3.0381944444444446,0.4443513033108243
208,175 292 309 435,179,133200,2275200,24.791666666666668,7.22016806722689,0.13927902621722846,0.006944444444444444,0.003472222222222222,4.041666666666667,0.49281260449627723
209,119 292,175,133200,2282700,24.87847222222222,7.0341939986043265,0.14297972541507023,0.010416666666666666,0.003472222222222222,5.788194444444445,0.5793648528342585
210,175 292 309 325 427,177,219600,2293200,24.0,7.375,0.13636363636363635,0.008680555555555556,0.003472222222222222,4.802083333333333,0.5584702549763313
211,243 292 520,169,133200,2293200,25.0,6.76,0.1488095238095238,0.010416666666666666,0.003472222222222222,3.1180555555555554,0.4763908059034589
212,243 648,175,942300,2293800,15.64236111111111,11.187569367369589,0.0898986270753512,0.006944444444444444,0.0,3.111111111111111,0.3618895768872764
213,292 309 427 493,174,133200,2291700,24.98263888888889,6.964836692147324,0.14440831727681439,0.010416666666666666,0.003472222222222222,3.0381944444444446,0.46218243277588955
214,461 580,179,132600,2297400,25.055555555555557,7.144124168514412,0.14076154806491886,0.006944444444444444,0.003472222222222222,3.0,0.5097083695489958
215,6 27,178,122400,2295900,25.15625,7.075776397515528,0.14212570621468926,0.010416666666666666,0.003472222222222222,3.5243055555555554,0.4571699304944419
216,78 149,188,201000,2301900,24.31597222222222,7.731543624161074,0.13003193701723112,0.010416666666666666,0.003472222222222222,3.6979166666666665,0.47311103126510534
217,105 175 292 309,178,133200,2290500,24.96875,7.128911138923654,0.14106638418079095,0.010416666666666666,0.003472222222222222,4.090277777777778,0.4877698047172465
218,158 644,183,120600,2289600,25.104166666666668,7.289626556016597,0.13793498168498172,0.013888888888888888,0.0,5.618055555555555,0.5609731048358154
219,178 383,173,122400,2305800,25.270833333333332,6.845836768342951,0.1469234496124031,0.010416666666666666,0.003472222222222222,3.0694444444444446,0.5139812953868433
220,243 292 309 435,178,133200,2275200,24.791666666666668,7.179831932773109,0.14006591337099814,0.010416666666666666,0.003472222222222222,3.0381944444444446,0.44867900511907416
221,105 175 243 309,177,133200,2290500,24.96875,7.088861076345432,0.14186789772727273,0.010416666666666666,0.003472222222222222,4.090277777777778,0.48909767595757087
222,175 243 309 493,171,133200,2291700,24.98263888888889,6.844753300903405,0.1469566993464052,0.010416666666666666,0.003472222222222222,4.076388888888889,0.4976506743505094
223,175 243 325,172,219300,2293200,24.00347222222222,7.165629972515551,0.14037118258609488,0.010416666666666666,0.003472222222222222,4.805555555555555,0.573047888241054
224,34 243,169,133200,2291700,24.98263888888889,6.764697706740792,0.14870618386243384,0.010416666666666666,0.003472222222222222,4.145833333333333,0.5127955338349062
225,383 438,185,129300,2301900,25.145833333333332,7.35708367854184,0.13666213768115942,0.006944444444444444,0.003472222222222222,3.1006944444444446,0.4891617263574123
226,386 643,187,114600,2297100,25.260416666666668,7.402886597938144,0.1358086917562724,0.010416666666666666,0.003472222222222222,3.0694444444444446,0.4207264870051994
227,92 386 676,191,114900,2283000,25.09375,7.611457036114571,0.13207236842105263,0.010416666666666666,0.0,3.8229166666666665,0.4384742081757589
228,105 243 292 427,176,133200,2290500,24.96875,7.048811013767209,0.1426785714285714,0.010416666666666666,0.003472222222222222,3.0381944444444446,0.4609346676326796
229,105 243 309 427,176,133200,2290500,24.96875,7.048811013767209,0.1426785714285714,0.010416666666666666,0.003472222222222222,3.0381944444444446,0.46097218165663195
230,243 292 309 520,167,133200,2293200,25.0,6.68,0.1506024096385542,0.010416666666666666,0.003472222222222222,3.1180555555555554,0.47954218003085675
231,243 309 325 427,172,219600,2293200,24.0,7.166666666666667,0.14035087719298245,0.010416666666666666,0.003472222222222222,4.038194444444445,0.5153601369450923
232,272 383,174,122400,2347200,25.75,6.757281553398058,0.1488439306358382,0.010416666666666666,0.003472222222222222,3.5833333333333335,0.49798468823670844
233,309 427 435,178,133200,2275200,24.791666666666668,7.179831932773109,0.14006591337099814,0.006944444444444444,0.003472222222222222,3.0381944444444446,0.45972178817327036
234,10 461,184,466500,2285700,21.055555555555557,8.738786279683376,0.1150576806314511,0.003472222222222222,0.0,3.9166666666666665,0.5445771526230982
235,105 175 243 292,176,133200,2290500,24.96875,7.048811013767209,0.14267857142857138,0.010416666666666666,0.003472222222222222,4.090277777777778,0.49037532593511096
236,105 435,180,133200,2275200,24.791666666666668,7.260504201680672,0.13850093109869646,0.010416666666666666,0.003472222222222222,3.0381944444444446,0.4542407526547252
237,119 309,169,132900,2282700,24.881944444444443,6.792073681272677,0.1481068121693122,0.010416666666666666,0.003472222222222222,5.875,0.594229399072417
238,175 243 292 493,171,133200,2291700,24.98263888888889,6.844753300903405,0.1469566993464052,0.010416666666666666,0.003472222222222222,4.076388888888889,0.4976900052090685
239,433 489,186,129600,2289900,25.00347222222222,7.438966810165255,0.1351539039039039,0.010416666666666666,0.0,4.010416666666667,0.48551141020324706
240,6 569,173,218100,2295900,24.04861111111111,7.193762633554721,0.1398175064599483,0.013888888888888888,0.003472222222222222,4.708333333333333,0.5108528905322524
241,105 175 427,173,133200,2290500,24.96875,6.928660826032541,0.1451671511627907,0.010416666666666666,0.003472222222222222,4.090277777777778,0.50188219787875
242,175 427 493,168,133200,2291700,24.98263888888889,6.724669909659486,0.14959664005322687,0.010416666666666666,0.003472222222222222,4.076388888888889,0.5112370570387791
243,243 427 493,166,133200,2291700,24.98263888888889,6.644614315496873,0.1514099326599327,0.010416666666666666,0.003472222222222222,3.0381944444444446,0.47369402880258876
244,292 309 427 435,176,133200,2275200,24.791666666666668,7.099159663865546,0.14166666666666666,0.006944444444444444,0.003472222222222222,3.0381944444444446,0.4621387835823837
245,105 175 243 292 309,175,133200,2290500,24.96875,7.008760951188986,0.1434985632183908,0.010416666666666666,0.003472222222222222,4.090277777777778,0.4916630650872414
246,105 243 292 309 427,174,133200,2290500,24.96875,6.968710888610763,0.1443280346820809,0.010416666666666666,0.003472222222222222,3.0381944444444446,0.4633727444270867
247,136 286,189,62400,2291700,25.802083333333332,7.324989907145741,0.1372451241134752,0.027777777777777776,0.0,2.4722222222222223,0.32712749846886313
248,175 243 292 309 493,169,133200,2291700,24.98263888888889,6.764697706740792,0.14870618386243387,0.010416666666666666,0.003472222222222222,4.076388888888889,0.5007118208802678
249,243 292 309 325 427,171,219600,2293200,24.0,7.125,0.1411764705882353,0.010416666666666666,0.003472222222222222,4.038194444444445,0.5167610550897561
250,34 175 309,163,133200,2291700,24.98263888888889,6.524530924252954,0.15421382030178327,0.010416666666666666,0.003472222222222222,4.152777777777778,0.5569965137266361
251,41 615,164,122400,2109000,22.993055555555557,7.132588341890667,0.1410616905248807,0.006944444444444444,0.003472222222222222,3.013888888888889,0.49308287021726294
252,166 383,161,122400,2285100,25.03125,6.431960049937578,0.1564453125,0.010416666666666666,0.003472222222222222,6.006944444444445,0.6234436697722329
253,175 309 520,163,133200,2293200,25.0,6.52,0.15432098765432098,0.010416666666666666,0.003472222222222222,4.038194444444445,0.5210954701554573
254,264 292,172,133200,2291700,24.98263888888889,6.884781097984711,0.14609730344379465,0.010416666666666666,0.003472222222222222,6.927083333333333,0.6415336004456934
255,278 514,173,295200,2323500,23.475694444444443,7.369324064487502,0.13648659560723517,0.010416666666666666,0.0,6.069444444444445,0.5945896404523453
256,100 416,160,122400,2342400,25.694444444444443,6.227027027027027,0.16160027952480785,0.013888888888888888,0.003472222222222222,4.927083333333333,0.5826603570431872
257,175 243 292 325,170,219300,2293200,24.00347222222222,7.08230869376537,0.14203238001314927,0.010416666666666666,0.003472222222222222,4.805555555555555,0.5764826046107616
258,175 309 427 493,166,133200,2291700,24.98263888888889,6.644614315496873,0.15140993265993263,0.010416666666666666,0.003472222222222222,4.076388888888889,0.5143841310986819
259,467 476,147,114900,2134800,23.37847222222222,6.287836031486708,0.16012652207001524,0.010416666666666666,0.003472222222222222,2.9895833333333335,0.502419040672367
260,105 292 325,174,219300,2290500,23.97222222222222,7.258400926998841,0.13856775850995504,0.010416666666666666,0.003472222222222222,4.079861111111111,0.5048772502105376
261,119 243,163,133200,2282700,24.87847222222222,6.551849267271459,0.15357081618655694,0.010416666666666666,0.003472222222222222,5.489583333333333,0.5825111726248532
262,175 243 309 325,166,219300,2293200,24.00347222222222,6.915666136265008,0.14547558922558923,0.010416666666666666,0.003472222222222222,4.805555555555555,0.5840179344449511
263,175 292 427 493,167,133200,2291700,24.98263888888889,6.684642112578179,0.1504978246318608,0.010416666666666666,0.003472222222222222,4.076388888888889,0.5126424926890253
264,175 292 520,162,133200,2293200,25.0,6.48,0.15527950310559005,0.010416666666666666,0.003472222222222222,4.038194444444445,0.5232526927683381
265,196 383,167,122400,2283300,25.010416666666668,6.677217825905872,0.15066516064257027,0.010416666666666666,0.003472222222222222,2.9965277777777777,0.4881898168106514
266,34 243 309,165,133200,2291700,24.98263888888889,6.604586518415566,0.15233316395663954,0.010416666666666666,0.003472222222222222,4.152777777777778,0.5194837918275735
267,41 48 383,168,131400,2282700,24.899305555555557,6.7471761260633105,0.1490976380572189,0.010416666666666666,0.003472222222222222,4.90625,0.551708326876287
268,493 520,163,133200,2291700,24.98263888888889,6.524530924252954,0.15421382030178327,0.010416666666666666,0.003472222222222222,3.1180555555555554,0.4873208487690238
269,105 175 292 427,169,133200,2290500,24.96875,6.76846057571965,0.14862351190476192,0.010416666666666666,0.003472222222222222,4.090277777777778,0.5081074908760037
270,105 309 493,170,132900,2290500,24.97222222222222,6.807563959955506,0.1477646285338593,0.010416666666666666,0.003472222222222222,3.0381944444444446,0.45944268134791544
271,149 535,187,87600,2293200,25.52777777777778,7.325353645266594,0.13724611708482676,0.024305555555555556,0.003472222222222222,3.2881944444444446,0.35400890325304996
272,168 283,174,132300,2292600,25.00347222222222,6.959033467573948,0.14452874116891457,0.006944444444444444,0.0,6.763888888888889,0.6462677587448943
273,243 292 427 493,164,133200,2291700,24.98263888888889,6.56455872133426,0.1532677232447171,0.010416666666666666,0.003472222222222222,3.0381944444444446,0.47642706902537635
274,427 520,157,133200,2293200,25.0,6.28,0.16025641025641027,0.010416666666666666,0.003472222222222222,3.125,0.4968754003369623
275,105 175 309 427,168,133200,2290500,24.96875,6.7284105131414265,0.1495134730538922,0.010416666666666666,0.003472222222222222,4.090277777777778,0.5110279176509022
276,105 292 493,171,133200,2290500,24.96875,6.848560700876095,0.146875,0.010416666666666666,0.003472222222222222,3.0381944444444446,0.45787909662139126
277,105 651,184,333900,2360700,23.458333333333332,7.843694493783304,0.12818761384335153,0.027777777777777776,0.003472222222222222,1.5868055555555556,0.26243510057566716
278,175 292 309 427 493,165,133200,2291700,24.98263888888889,6.604586518415566,0.15233316395663954,0.010416666666666666,0.003472222222222222,4.076388888888889,0.5158138254985398
279,325 493,163,219300,2291700,23.98611111111111,6.795599305153446,0.148062414266118,0.010416666666666666,0.003472222222222222,4.048611111111111,0.5286761778621395
280,88 476,140,114900,2134800,23.37847222222222,5.988415268082578,0.1681904476418865,0.010416666666666666,0.003472222222222222,4.8125,0.5920471077312224
281,175 292 309 520,160,133200,2293200,25.0,6.4,0.15723270440251572,0.010416666666666666,0.003472222222222222,4.038194444444445,0.526255858684337
282,243 309 427 493,162,133200,2291700,24.98263888888889,6.484503127171647,0.1551716701173223,0.010416666666666666,0.003472222222222222,3.0381944444444446,0.47969697965143904
283,467 659,148,114900,2134800,23.37847222222222,6.330610426258726,0.1590372260015117,0.010416666666666666,0.003472222222222222,4.715277777777778,0.5634465978238911
284,88 665,145,128700,2129700,23.15972222222222,6.260869565217392,0.16083140432098764,0.006944444444444444,0.003472222222222222,4.8125,0.6431422319432674
285,105 175 243 427,167,133200,2290500,24.96875,6.688360450563204,0.15041415662650603,0.010416666666666666,0.003472222222222222,4.090277777777778,0.5124936170376151
286,105 243 493,166,133200,2290500,24.96875,6.648310387984981,0.15132575757575759,0.010416666666666666,0.003472222222222222,3.0381944444444446,0.4650234669724215
287,105 520,164,133200,2290800,24.97222222222222,6.567296996662959,0.15320381731424676,0.010416666666666666,0.003472222222222222,3.1180555555555554,0.4827524768203789
288,175 243 292 309 325,165,219300,2293200,24.00347222222222,6.874005496889918,0.146362635501355,0.010416666666666666,0.003472222222222222,4.805555555555555,0.5856850705262132
289,175 243 309 435,165,133200,2275200,24.791666666666668,6.655462184873949,0.15116869918699188,0.010416666666666666,0.003472222222222222,4.041666666666667,0.5117641965318953
290,175 243 309 520,157,133200,2293200,25.0,6.28,0.16025641025641027,0.010416666666666666,0.003472222222222222,4.038194444444445,0.5315420579972692
291,175 243 325 427,164,219600,2293200,24.0,6.833333333333333,0.147239263803681,0.010416666666666666,0.003472222222222222,4.822916666666667,0.5880982756411866
292,23 179,185,36600,2416200,27.541666666666668,6.717095310136157,0.14968297101449277,0.020833333333333332,0.003472222222222222,5.010416666666667,0.4937200915789296
293,34 175 292,161,133200,2291700,24.98263888888889,6.444475330090341,0.15614149305555558,0.010416666666666666,0.003472222222222222,4.152777777777778,0.5608191705361586
294,34 243 292,162,133200,2291700,24.98263888888889,6.484503127171647,0.1551716701173223,0.010416666666666666,0.003472222222222222,4.152777777777778,0.5244234781660788
295,644 688,163,287100,2289600,23.177083333333332,7.032808988764045,0.1430684156378601,0.010416666666666666,0.003472222222222222,3.9791666666666665,0.5128236621160395
296,72 78,181,201300,2301900,24.3125,7.4447300771208225,0.13506944444444444,0.006944444444444444,0.003472222222222222,3.78125,0.4751850391560715
297,105 175 292 309 427,166,133200,2290500,24.96875,6.648310387984981,0.15132575757575759,0.010416666666666666,0.003472222222222222,4.090277777777778,0.5138493695457119
298,105 309 325,167,219300,2290500,23.97222222222222,6.966396292004635,0.14441097724230254,0.010416666666666666,0.003472222222222222,4.079861111111111,0.5241494266905732
299,242 276,180,737400,2310900,18.211805555555557,9.8836987607245,0.10174193047796401,0.006944444444444444,0.0,2.920138888888889,0.3840808525497222
300,243 292 309 427 493,161,133200,2291700,24.98263888888889,6.444475330090341,0.15614149305555555,0.010416666666666666,0.003472222222222222,3.0381944444444446,0.4810364807798046
301,27 569,164,202800,2295900,24.225694444444443,6.769671778701448,0.14862389229720518,0.010416666666666666,0.0,3.7604166666666665,0.48761117315789376
302,34 243 292 309,162,133200,2291700,24.98263888888889,6.484503127171647,0.1551716701173223,0.010416666666666666,0.003472222222222222,4.152777777777778,0.5244234781660788
303,10 238,175,216300,2276100,23.84027777777778,7.34051849694145,0.13701309067688378,0.006944444444444444,0.0,4.135416666666667,0.5829043277697888
304,105 175 243 309 427,166,133200,2290500,24.96875,6.648310387984981,0.15132575757575759,0.010416666666666666,0.003472222222222222,4.090277777777778,0.5139103691148488
305,119 292 309,162,133200,2282700,24.87847222222222,6.51165387299372,0.15452467218771565,0.010416666666666666,0.003472222222222222,5.875,0.6074189467153523
306,175 243 292 520,156,133200,2293200,25.0,6.24,0.16129032258064516,0.010416666666666666,0.003472222222222222,4.038194444444445,0.5332580430932398
307,175 264,159,132000,2291700,24.99652777777778,6.360883456035561,0.15820587201125172,0.010416666666666666,0.003472222222222222,6.927083333333333,0.6670193850102026
308,207 476,145,128700,2305800,25.197916666666668,5.754443985117817,0.1749855324074074,0.013888888888888888,0.003472222222222222,3.5868055555555554,0.5420444881960665
309,231 493,164,132900,2291100,24.979166666666668,6.5654712260216845,0.15324642126789365,0.010416666666666666,0.003472222222222222,3.1180555555555554,0.5190331185978639
310,238 283 441,171,132300,2199000,23.92013888888889,7.148787922775439,0.14070669934640523,0.006944444444444444,0.003472222222222222,5.871527777777778,0.5978039520956779
311,243 427 435,164,133200,2275200,24.791666666666668,6.615126050420168,0.1520961145194274,0.006944444444444444,0.003472222222222222,3.0381944444444446,0.4780855075508542
312,243 427 520,152,133200,2293200,25.0,6.08,0.16556291390728478,0.010416666666666666,0.003472222222222222,3.125,0.5047905386968672
313,34 175 292 309,160,133200,2291700,24.98263888888889,6.404447533009034,0.1571235150244584,0.010416666666666666,0.003472222222222222,4.152777777777778,0.5624431065657906
314,476 659,140,114900,2287800,25.149305555555557,5.566754107414055,0.18093025579536373,0.010416666666666666,0.003472222222222222,5.739583333333333,0.673357618057758
315,10 283,170,216300,2285700,23.95138888888889,7.097709481008988,0.14172419460880997,0.006944444444444444,0.0,6.701388888888889,0.6898112056491205
316,105 175 243 292 427,165,133200,2290500,24.96875,6.608260325406758,0.15224847560975607,0.010416666666666666,0.003472222222222222,4.090277777777778,0.5153386474289725
317,105 243 309 493,164,133200,2290500,24.96875,6.5682102628285355,0.1531825153374233,0.010416666666666666,0.003472222222222222,3.0381944444444446,0.4678378443318212
318,105 292 309 493,166,133200,2290500,24.96875,6.648310387984981,0.15132575757575759,0.010416666666666666,0.003472222222222222,3.0381944444444446,0.46522753270452677
319,175 243 292 435,163,133200,2275200,24.791666666666668,6.574789915966386,0.15303497942386834,0.010416666666666666,0.003472222222222222,4.041666666666667,0.5156686308625142
320,175 427 435,163,133200,2275200,24.791666666666668,6.574789915966386,0.15303497942386834,0.006944444444444444,0.003472222222222222,4.041666666666667,0.5251006249739905
321,22 424,179,18600,2154300,24.71875,7.241466498103666,0.1388693820224719,0.022569444444444444,0.003472222222222222,2.7256944444444446,0.3981287442920584
322,292 427 520,155,133200,2293200,25.0,6.2,0.16233766233766234,0.010416666666666666,0.003472222222222222,3.125,0.5087522791348167
323,309 427 520,154,133200,2293200,25.0,6.16,0.16339869281045752,0.010416666666666666,0.003472222222222222,3.125,0.5102574323568283
324,34 105,163,133200,2290500,24.96875,6.528160200250313,0.1541280864197531,0.010416666666666666,0.003472222222222222,4.142361111111111,0.5237434773297315
325,34 175 427,157,133200,2291700,24.98263888888889,6.284364141765114,0.16014512108262108,0.010416666666666666,0.003472222222222222,4.819444444444445,0.5988170075316478
326,41 158,167,122400,2289600,25.083333333333332,6.6578073089701,0.15110441767068275,0.010416666666666666,0.0,5.607638888888889,0.5962855397778254
327,105 243 435,167,133200,2275200,24.791666666666668,6.736134453781513,0.14934738955823293,0.010416666666666666,0.003472222222222222,3.0381944444444446,0.47175843495568265
328,105 292 309 325,166,219300,2290500,23.97222222222222,6.92468134414832,0.14528619528619527,0.010416666666666666,0.003472222222222222,4.079861111111111,0.5256145514810466
329,158 330,163,122400,2285100,25.03125,6.511860174781523,0.1545138888888889,0.010416666666666666,0.0,5.604166666666667,0.6058013134275124
330,168 580,165,132300,2292600,25.00347222222222,6.599083460630468,0.15246019647696477,0.006944444444444444,0.003472222222222222,3.923611111111111,0.5146203522989107
331,175 243 292 325 427,163,219600,2293200,24.0,6.791666666666667,0.14814814814814817,0.010416666666666666,0.003472222222222222,4.822916666666667,0.5897965893537932
332,175 243 427 493,158,133200,2291700,24.98263888888889,6.324391938846421,0.1591250884642604,0.010416666666666666,0.003472222222222222,4.076388888888889,0.5262415569455061
333,243 264,160,133200,2291700,24.98263888888889,6.404447533009034,0.1571235150244584,0.010416666666666666,0.003472222222222222,6.920138888888889,0.6711808056295137
334,359 700,176,865200,2305800,16.67361111111111,10.555601832569764,0.0952777777777778,0.024305555555555556,0.003472222222222222,3.6145833333333335,0.349657247453344
335,105 175 243 292 309 427,164,133200,2290500,24.96875,6.5682102628285355,0.1531825153374233,0.010416666666666666,0.003472222222222222,4.090277777777778,0.5167788953720674
336,105 243 292 493,164,133200,2290500,24.96875,6.5682102628285355,0.1531825153374233,0.010416666666666666,0.003472222222222222,3.0381944444444446,0.46783768623172156
337,175 243 292 309 435,161,133200,2275200,24.791666666666668,6.4941176470588236,0.15494791666666669,0.010416666666666666,0.003472222222222222,4.041666666666667,0.5185967240065893
338,175 243 292 309 520,154,133200,2293200,25.0,6.16,0.16339869281045752,0.010416666666666666,0.003472222222222222,4.038194444444445,0.5369651689804494
339,243 292 427 435,162,133200,2275200,24.791666666666668,6.534453781512605,0.15398550724637683,0.010416666666666666,0.003472222222222222,3.0381944444444446,0.4807880229148454
340,276 558,178,14700,2406000,27.677083333333332,6.431313511479112,0.15636770244821088,0.034722222222222224,0.003472222222222222,3.4791666666666665,0.39151395384692766
341,41 383 644,155,122400,2283300,25.010416666666668,6.1974177426072465,0.16240530303030307,0.012152777777777776,0.003472222222222222,3.0694444444444446,0.5140333702319504
342,52 148,165,374700,2294100,22.21527777777778,7.42732103782432,0.13545901084010842,0.027777777777777776,0.0,3.4166666666666665,0.3642292826565498
