cohort_idx,members,last_occurrence,median_gap_days,predicted_next,days_until_next,confidence
0,47 449,2275200,0.017361111111111112,1970-01-27 09:25:00,-20710.65547344625,0.8542905484198287
1,448 449,2309100,0.020833333333333332,1970-01-27 18:55:00,-20710.25964022954,0.8511336769515785
2,47 448,2275200,0.020833333333333332,1970-01-27 09:30:00,-20710.652001453956,0.8562549758101776
3,47 448 449,2275200,0.020833333333333332,1970-01-27 09:30:00,-20710.652001538103,0.8313514569872879
4,64 262,2376000,0.013888888888888888,1970-01-28 13:20:00,-20709.492279415128,0.821552398656823
5,90 91,2418600,0.020833333333333332,1970-01-29 01:20:00,-20708.992279520557,0.8511888884212293
6,292 309,2293200,0.006944444444444444,1970-01-27 14:10:00,-20710.457557405047,0.7641238914562472
7,292 427,2301900,0.006944444444444444,1970-01-27 16:35:00,-20710.356863068057,0.7588165388443944
8,542 635,2405100,0.013888888888888888,1970-01-28 21:25:00,-20709.155474263287,0.8527529112450452
9,64 525,2385000,0.020833333333333332,1970-01-28 16:00:00,-20709.381168836873,0.818410620123426
10,292 325,2310000,0.006944444444444444,1970-01-27 18:50:00,-20710.263113374804,0.7370839956551944
11,448 542,2309100,0.017361111111111112,1970-01-27 18:50:00,-20710.263113500452,0.8654234442550234
12,64 90,2418600,0.024305555555555556,1970-01-29 01:25:00,-20708.98880801522,0.8305015026986131
13,64 91,2418600,0.024305555555555556,1970-01-29 01:25:00,-20708.98880811234,0.8636862122797381
14,325 427,2301900,0.006944444444444444,1970-01-27 16:35:00,-20710.356863749064,0.7381396207688524
15,119 175,2363400,0.006944444444444444,1970-01-28 09:40:00,-20709.645058299917,0.7286216912229002
16,283 441,2294700,0.006944444444444444,1970-01-27 14:35:00,-20710.440197258737,0.7277653569817348
17,22 651,2331600,0.017361111111111112,1970-01-28 01:05:00,-20710.00269734934,0.8234296426471444
18,262 525,2376300,0.017361111111111112,1970-01-28 13:30:00,-20709.485336334434,0.8217369956735822
19,12 13,2117400,0.024305555555555556,1970-01-25 13:45:00,-20712.474919758937,0.8170730481754772
20,309 427,2293200,0.006944444444444444,1970-01-27 14:10:00,-20710.45755873794,0.7429912061009171
21,292 309 427,2293200,0.006944444444444444,1970-01-27 14:10:00,-20710.45755880001,0.741081241924503
22,309 325,2293200,0.006944444444444444,1970-01-27 14:10:00,-20710.457558929284,0.7183255436748995
23,34 309,2291700,0.006944444444444444,1970-01-27 13:45:00,-20710.47492009148,0.7147095926214726
24,62 286,2385900,0.024305555555555556,1970-01-28 16:20:00,-20709.367281330742,0.852153767276068
25,41 383,2283300,0.006944444444444444,1970-01-27 11:25:00,-20710.572142510195,0.7271190778147084
26,292 309 325,2293200,0.006944444444444444,1970-01-27 14:10:00,-20710.45755929023,0.7165085386372347
27,92 386,2297100,0.006944444444444444,1970-01-27 15:15:00,-20710.412420461693,0.7545368319040121
28,292 325 427,2301900,0.006944444444444444,1970-01-27 16:35:00,-20710.356865070567,0.7167000279481468
29,220 651,2274600,0.017361111111111112,1970-01-27 09:15:00,-20710.662420749006,0.7873642087308329
30,64 90 91,2418600,0.027777777777777776,1970-01-29 01:30:00,-20708.98533749821,0.8144177601306173
31,22 220,2161800,0.017361111111111112,1970-01-26 01:55:00,-20711.967976510623,0.797360828631627
32,175 309,2293200,0.006944444444444444,1970-01-27 14:10:00,-20710.457559950602,0.7141120922023049
33,190 372,2219400,0.006944444444444444,1970-01-26 17:40:00,-20711.311726830394,0.6844843404377062
34,175 292,2293200,0.006944444444444444,1970-01-27 14:10:00,-20710.45756025477,0.7156772252384307
35,34 292,2291700,0.006944444444444444,1970-01-27 13:45:00,-20710.47492149234,0.7101875174481256
36,136 137,2305200,0.017361111111111112,1970-01-27 17:45:00,-20710.30825502256,0.7771854926885349
37,448 635,2274600,0.017361111111111112,1970-01-27 09:15:00,-20710.662421895002,0.8557759900340614
38,64 262 525,2376000,0.017361111111111112,1970-01-28 13:25:00,-20709.488810998366,0.791647101186354
39,441 580,2294700,0.006944444444444444,1970-01-27 14:35:00,-20710.440200100835,0.7306739243897692
40,448 542 635,2274600,0.017361111111111112,1970-01-27 09:15:00,-20710.662422409838,0.8367817378153228
41,72 359,2304900,0.006944444444444444,1970-01-27 17:25:00,-20710.322144827118,0.7006454577353926
42,34 292 309,2291700,0.006944444444444444,1970-01-27 13:45:00,-20710.474922806214,0.7050037744573734
43,11 12,2195100,0.024305555555555556,1970-01-26 11:20:00,-20711.57561742146,0.8149039139131731
44,175 427,2293200,0.006944444444444444,1970-01-27 14:10:00,-20710.457562053136,0.7042634979865472
45,286 401,2385900,0.020833333333333332,1970-01-28 16:15:00,-20709.37075666125,0.8042801799524631
46,175 292 309,2293200,0.010416666666666666,1970-01-27 14:15:00,-20710.454090178402,0.7083150025539772
47,72 149,2301900,0.006944444444444444,1970-01-27 16:35:00,-20710.35686812068,0.7025878876354992
48,175 243,2293200,0.010416666666666666,1970-01-27 14:15:00,-20710.45409045851,0.7055540646083218
49,243 309,2293800,0.010416666666666666,1970-01-27 14:25:00,-20710.4471462103,0.7230449595818582
50,243 292,2293200,0.010416666666666666,1970-01-27 14:15:00,-20710.454090875985,0.7215296446859517
51,283 580,2297400,0.006944444444444444,1970-01-27 15:20:00,-20710.408952405764,0.6731679303546902
52,34 427,2291700,0.006944444444444444,1970-01-27 13:45:00,-20710.474924839004,0.6848866173942272
53,83 651,2360700,0.024305555555555556,1970-01-28 09:20:00,-20709.65895270984,0.8024863575060059
54,10 515,2291400,0.006944444444444444,1970-01-27 13:40:00,-20710.478397429077,0.688192918819652
55,175 292 427,2293200,0.006944444444444444,1970-01-27 14:10:00,-20710.457564317512,0.6999533283857211
56,149 359,2301900,0.010416666666666666,1970-01-27 16:40:00,-20710.353397837178,0.6756748468159881
57,309 325 427,2293200,0.006944444444444444,1970-01-27 14:10:00,-20710.457564721008,0.6975848796053642
58,243 292 309,2293200,0.010416666666666666,1970-01-27 14:15:00,-20710.45409273581,0.7180602666849321
59,34 292 427,2291700,0.006944444444444444,1970-01-27 13:45:00,-20710.47492622413,0.6825683327490062
60,83 105,2360700,0.024305555555555556,1970-01-28 09:20:00,-20709.658954175058,0.8205064955092002
61,175 309 427,2293200,0.006944444444444444,1970-01-27 14:10:00,-20710.457565441586,0.6955880926653931
62,292 309 325 427,2293200,0.006944444444444444,1970-01-27 14:10:00,-20710.45756567575,0.6962238074248319
63,243 427,2293200,0.010416666666666666,1970-01-27 14:15:00,-20710.454093664444,0.7134952211376294
64,100 177,2286300,0.013888888888888888,1970-01-27 12:25:00,-20710.53048290586,0.7148606447505399
65,243 520,2293200,0.006944444444444444,1970-01-27 14:10:00,-20710.457566461853,0.703091671279399
66,11 13,2322900,0.024305555555555556,1970-01-27 22:50:00,-20710.096455707248,0.778119732496432
67,34 309 427,2291700,0.006944444444444444,1970-01-27 13:45:00,-20710.474928133644,0.6778606783828819
68,359 677,2306100,0.020833333333333332,1970-01-27 18:05:00,-20710.294372796874,0.6782006839601163
69,240 476,2418000,0.03125,1970-01-29 01:25:00,-20708.988817421006,0.8083115204666219
70,330 383,2285100,0.010416666666666666,1970-01-27 12:00:00,-20710.5478453614,0.6931838179035854
71,175 292 309 427,2293200,0.010416666666666666,1970-01-27 14:15:00,-20710.4540954945,0.6932585626862324
72,243 292 427,2293200,0.010416666666666666,1970-01-27 14:15:00,-20710.454095629662,0.7073572190429298
73,34 292 309 427,2291700,0.006944444444444444,1970-01-27 13:45:00,-20710.47492912837,0.676918642391144
74,34 325,2291700,0.006944444444444444,1970-01-27 13:45:00,-20710.474929251275,0.689316020578004
75,237 299,2319600,0.006944444444444444,1970-01-27 21:30:00,-20710.1520126919,0.6983660853866125
76,105 292,2290500,0.010416666666666666,1970-01-27 13:30:00,-20710.48534615072,0.713914564427174
77,175 243 309,2293200,0.010416666666666666,1970-01-27 14:15:00,-20710.45409634655,0.6917965924107848
78,243 309 427,2293200,0.010416666666666666,1970-01-27 14:15:00,-20710.45409644926,0.7044008144486782
79,34 292 325,2291700,0.006944444444444444,1970-01-27 13:45:00,-20710.47492992241,0.6878725649926758
80,105 243,2290800,0.010416666666666666,1970-01-27 13:35:00,-20710.48187452088,0.7111538593098191
81,158 688,2325900,0.008680555555555556,1970-01-27 23:17:30,-20710.07736084265,0.6630632841330977
82,175 243 292,2293200,0.010416666666666666,1970-01-27 14:15:00,-20710.454097070393,0.6918218695460314
83,105 309,2290800,0.010416666666666666,1970-01-27 13:35:00,-20710.48187494288,0.7110256918802551
84,243 435,2275200,0.006944444444444444,1970-01-27 09:10:00,-20710.665902841632,0.7107562208630999
85,175 325,2293200,0.006944444444444444,1970-01-27 14:10:00,-20710.457569641978,0.6642463902330432
86,34 309 325,2291700,0.006944444444444444,1970-01-27 13:45:00,-20710.474930880904,0.6848362794439821
87,105 175,2290500,0.010416666666666666,1970-01-27 13:30:00,-20710.485347683843,0.7209919373649337
88,175 493,2291700,0.010416666666666666,1970-01-27 13:50:00,-20710.471458882814,0.6896506247861359
89,243 292 309 427,2293200,0.010416666666666666,1970-01-27 14:15:00,-20710.454097909074,0.7034804741181893
90,72 149 359,2301900,0.010416666666666666,1970-01-27 16:40:00,-20710.35340357868,0.6671083832036976
91,292 435,2275200,0.006944444444444444,1970-01-27 09:10:00,-20710.665903670462,0.7094861618891379
92,383 682,2359800,0.013888888888888888,1970-01-28 08:50:00,-20709.67979268794,0.657946354065367
93,11 12 13,2101200,0.024305555555555556,1970-01-25 09:15:00,-20712.66243170568,0.7723699159662228
94,34 292 309 325,2291700,0.006944444444444444,1970-01-27 13:45:00,-20710.474931825902,0.6838807981348995
95,44 148,2298300,0.024305555555555556,1970-01-27 16:00:00,-20710.38118202897,0.7289941856633684
96,64 559,2297700,0.006944444444444444,1970-01-27 15:25:00,-20710.40548779024,0.737583377891852
97,175 243 292 309,2293200,0.010416666666666666,1970-01-27 14:15:00,-20710.45409914748,0.6888394770569329
98,164 304,2359200,0.010416666666666666,1970-01-28 08:35:00,-20709.690210411598,0.735610517080614
99,300 301,2276700,0.020833333333333332,1970-01-27 09:55:00,-20710.634654987243,0.7767600505337898
100,309 435,2275200,0.006944444444444444,1970-01-27 09:10:00,-20710.66590508993,0.708016037601284
101,44 69,2298300,0.020833333333333332,1970-01-27 15:55:00,-20710.384655333262,0.6873352138871384
102,292 493,2291700,0.010416666666666666,1970-01-27 13:50:00,-20710.47146111214,0.7057814656613597
103,309 493,2291700,0.010416666666666666,1970-01-27 13:50:00,-20710.471461479432,0.7046023208752566
104,105 292 309,2290500,0.010416666666666666,1970-01-27 13:30:00,-20710.485350594307,0.7071717873610687
105,158 383,2325900,0.010416666666666666,1970-01-27 23:20:00,-20710.075628581228,0.6530852216464076
106,175 243 427,2293200,0.010416666666666666,1970-01-27 14:15:00,-20710.454100993207,0.6811600909963176
107,476 568,2418000,0.020833333333333332,1970-01-29 01:10:00,-20708.99924009118,0.6687856538783172
108,175 435,2275200,0.006944444444444444,1970-01-27 09:10:00,-20710.665906952974,0.6846742078351415
109,22 220 651,2161800,0.017361111111111112,1970-01-26 01:55:00,-20711.967990477176,0.7528296450656176
110,238 441,2199000,0.006944444444444444,1970-01-26 12:00:00,-20711.547851906387,0.7024097712249524
111,243 325,2293200,0.010416666666666666,1970-01-27 14:15:00,-20710.454102137926,0.6814277549657174
112,62 401,2385900,0.027777777777777776,1970-01-28 16:25:00,-20709.36382446588,0.7948094349076738
113,167 423,2278200,0.006944444444444444,1970-01-27 10:00:00,-20710.631185782604,0.6764294020785536
114,133 299,2295000,0.010416666666666666,1970-01-27 14:45:00,-20710.433269351703,0.6800448035496254
115,105 325,2290500,0.010416666666666666,1970-01-27 13:30:00,-20710.485353009015,0.6890733728747437
116,175 243 292 427,2293200,0.010416666666666666,1970-01-27 14:15:00,-20710.45410327991,0.6801328491851965
117,175 292 325,2293200,0.006944444444444444,1970-01-27 14:10:00,-20710.457575706587,0.6555382333577273
118,243 493,2291700,0.010416666666666666,1970-01-27 13:50:00,-20710.47146494309,0.6993145713594962
119,238 283,2199000,0.006944444444444444,1970-01-26 12:00:00,-20711.54785416757,0.650769613060697
120,292 309 435,2275200,0.006944444444444444,1970-01-27 09:10:00,-20710.66590997568,0.7035953832897496
121,292 309 493,2291700,0.010416666666666666,1970-01-27 13:50:00,-20710.471465698956,0.7016484612152941
122,175 243 309 427,2293200,0.010416666666666666,1970-01-27 14:15:00,-20710.45410471391,0.6779370748160424
123,195 416,2286300,0.010416666666666666,1970-01-27 12:20:00,-20710.533966108866,0.6889458777493038
124,105 427,2290500,0.006944444444444444,1970-01-27 13:25:00,-20710.488827424375,0.6966425045498299
125,168 441,2292600,0.006944444444444444,1970-01-27 14:00:00,-20710.464522080947,0.6539236992673998
126,175 325 427,2293200,0.006944444444444444,1970-01-27 14:10:00,-20710.45757800405,0.6521410869196327
127,283 441 580,2294700,0.006944444444444444,1970-01-27 14:35:00,-20710.440217106236,0.646426097812722
128,383 644,2285100,0.010416666666666666,1970-01-27 12:00:00,-20710.547856192316,0.6943242788134046
129,177 195,2286300,0.010416666666666666,1970-01-27 12:20:00,-20710.53396750618,0.6693215759962979
130,175 309 325,2293200,0.006944444444444444,1970-01-27 14:10:00,-20710.457578834434,0.6498669992974336
131,94 644,2289600,0.010416666666666666,1970-01-27 13:15:00,-20710.495773488867,0.6563821988322524
132,175 243 292 309 427,2293200,0.010416666666666666,1970-01-27 14:15:00,-20710.454107045392,0.6768745452822064
133,105 243 309,2290800,0.010416666666666666,1970-01-27 13:35:00,-20710.481884932004,0.7001014250746372
134,133 237,2301000,0.010416666666666666,1970-01-27 16:25:00,-20710.363829581933,0.6491944736167532
135,175 520,2293200,0.010416666666666666,1970-01-27 14:15:00,-20710.454107556678,0.6690972182224902
136,243 292 325,2293200,0.010416666666666666,1970-01-27 14:15:00,-20710.454107646587,0.6728126749860306
137,321 322,2196600,0.006944444444444444,1970-01-26 11:20:00,-20711.57563559824,0.7293128599013619
138,92 643,2297100,0.010416666666666666,1970-01-27 15:20:00,-20710.40896906663,0.6918130173851325
139,105 243 292,2290500,0.010416666666666666,1970-01-27 13:30:00,-20710.485358072558,0.6991265964047307
140,105 292 427,2290500,0.008680555555555556,1970-01-27 13:27:30,-20710.48709426263,0.6937080309998057
141,175 309 493,2291700,0.010416666666666666,1970-01-27 13:50:00,-20710.47146940575,0.6767200437501792
142,177 416,2286300,0.010416666666666666,1970-01-27 12:20:00,-20710.53396947257,0.6602710188704499
143,378 476,2313300,0.010416666666666666,1970-01-27 19:50:00,-20710.221469600358,0.6664349472949676
144,309 520,2293200,0.010416666666666666,1970-01-27 14:15:00,-20710.45410854859,0.6858333386885028
145,34 325 427,2291700,0.006944444444444444,1970-01-27 13:45:00,-20710.474941976147,0.6584415734924021
146,175 292 309 325,2293200,0.008680555555555556,1970-01-27 14:12:30,-20710.455844818764,0.6480772072929925
147,243 309 325,2293200,0.010416666666666666,1970-01-27 14:15:00,-20710.454108766204,0.6689143855426596
148,283 461,2297400,0.006944444444444444,1970-01-27 15:20:00,-20710.408969938253,0.6311831995251559
149,105 243 292 309,2290500,0.010416666666666666,1970-01-27 13:30:00,-20710.485358891852,0.698107315287434
150,175 292 325 427,2293200,0.006944444444444444,1970-01-27 14:10:00,-20710.457581163588,0.6490767868235057
151,243 292 493,2291700,0.010416666666666666,1970-01-27 13:50:00,-20710.471470157303,0.6941919857821168
152,243 309 493,2291700,0.010416666666666666,1970-01-27 13:50:00,-20710.471470209282,0.6935609488509431
153,383 688,2351100,0.010416666666666666,1970-01-28 06:20:00,-20709.783970289212,0.6702111224173158
154,48 383,2309400,0.010416666666666666,1970-01-27 18:45:00,-20710.266609278657,0.6755085731281987
155,100 509,2287800,0.013888888888888888,1970-01-27 12:50:00,-20710.513137118138,0.6656048486193729
156,105 175 243,2290500,0.010416666666666666,1970-01-27 13:30:00,-20710.48535943227,0.6781013685780196
157,105 309 427,2290500,0.006944444444444444,1970-01-27 13:25:00,-20710.488831714338,0.6902064237744351
158,175 243 520,2293200,0.010416666666666666,1970-01-27 14:15:00,-20710.45410956809,0.6646479855424368
159,175 292 493,2291700,0.010416666666666666,1970-01-27 13:50:00,-20710.471470766563,0.6754506879700575
160,243 325 427,2293200,0.010416666666666666,1970-01-27 14:15:00,-20710.454109706898,0.6698533546494807
161,292 520,2293200,0.010416666666666666,1970-01-27 14:15:00,-20710.454109790026,0.6836417618201612
162,34 292 325 427,2291700,0.006944444444444444,1970-01-27 13:45:00,-20710.474943172445,0.6572472853134588
163,427 493,2291700,0.010416666666666666,1970-01-27 13:50:00,-20710.471471001692,0.6870288281028326
164,100 344,2342400,0.013888888888888888,1970-01-28 04:00:00,-20709.881193306355,0.6278634454783694
165,12 244,2202000,0.006944444444444444,1970-01-26 12:50:00,-20711.513137812246,0.654408626011389
166,243 292 309 325,2293200,0.010416666666666666,1970-01-27 14:15:00,-20710.454110083796,0.6683526718677989
167,325 424,2282700,0.017361111111111112,1970-01-27 11:30:00,-20710.568693523484,0.7098907258856096
168,41 48,2289600,0.010416666666666666,1970-01-27 13:15:00,-20710.495776905544,0.657894006808631
169,427 435,2275200,0.006944444444444444,1970-01-27 09:10:00,-20710.665915847523,0.6901269387918788
170,92 676,2283000,0.010416666666666666,1970-01-27 11:25:00,-20710.5721659367,0.7023288545285795
171,175 292 309 493,2291700,0.010416666666666666,1970-01-27 13:50:00,-20710.47147154536,0.6741996517673907
172,243 292 309 493,2291700,0.010416666666666666,1970-01-27 13:50:00,-20710.471471606434,0.6923143788565114
173,386 676,2283000,0.010416666666666666,1970-01-27 11:25:00,-20710.572166136877,0.7015479885631876
174,105 292 309 427,2290500,0.010416666666666666,1970-01-27 13:30:00,-20710.48536063044,0.689148840103449
175,383 615,2109000,0.006944444444444444,1970-01-25 11:00:00,-20712.589527347314,0.6752774668771049
176,41 330,2283300,0.010416666666666666,1970-01-27 11:30:00,-20710.568694115078,0.6393171982896583
177,175 309 325 427,2293200,0.006944444444444444,1970-01-27 14:10:00,-20710.457583061943,0.6435508986367889
178,175 309 435,2275200,0.006944444444444444,1970-01-27 09:10:00,-20710.66591647038,0.6725753637731751
179,243 309 435,2275200,0.010416666666666666,1970-01-27 09:15:00,-20710.66244431095,0.6940151249364124
180,264 309,2291700,0.010416666666666666,1970-01-27 13:50:00,-20710.471472136505,0.6133540085838904
181,292 309 520,2293200,0.010416666666666666,1970-01-27 14:15:00,-20710.454111097883,0.681794938250245
182,34 309 325 427,2291700,0.006944444444444444,1970-01-27 13:45:00,-20710.47494449007,0.6536759339526386
183,105 175 309,2290500,0.010416666666666666,1970-01-27 13:30:00,-20710.485361211795,0.6745601682174382
184,175 243 435,2275200,0.006944444444444444,1970-01-27 09:10:00,-20710.665916919268,0.6713130112312488
185,175 292 435,2275200,0.006944444444444444,1970-01-27 09:10:00,-20710.66591701529,0.6721600930673183
186,240 568,2418000,0.027777777777777776,1970-01-29 01:20:00,-20708.992305999353,0.6608170994372486
187,292 427 435,2275200,0.006944444444444444,1970-01-27 09:10:00,-20710.665917163355,0.689052734260438
188,167 215,2278200,0.010416666666666666,1970-01-27 10:05:00,-20710.627722786954,0.678523080100512
189,243 309 520,2293200,0.010416666666666666,1970-01-27 14:15:00,-20710.454111766518,0.6793693306566957
190,292 427 493,2291700,0.010416666666666666,1970-01-27 13:50:00,-20710.47147293816,0.6858679809999768
191,41 330 383,2283300,0.010416666666666666,1970-01-27 11:30:00,-20710.568695265418,0.6380447951496749
192,69 148,2298300,0.027777777777777776,1970-01-27 16:05:00,-20710.377723100148,0.6828943153297404
193,78 359,2395500,0.010416666666666666,1970-01-28 18:40:00,-20709.270084270996,0.657764182559942
194,105 175 292,2290500,0.010416666666666666,1970-01-27 13:30:00,-20710.485362169504,0.674525397263238
195,175 243 493,2291700,0.010416666666666666,1970-01-27 13:50:00,-20710.47147336008,0.6697376494035919
196,243 292 435,2275200,0.010416666666666666,1970-01-27 09:15:00,-20710.66244568111,0.6919252787788451
197,309 427 493,2291700,0.010416666666666666,1970-01-27 13:50:00,-20710.471473504804,0.6844713532523646
198,34 175,2291700,0.010416666666666666,1970-01-27 13:50:00,-20710.47147358742,0.6464378867793371
199,34 292 309 325 427,2291700,0.006944444444444444,1970-01-27 13:45:00,-20710.47494587604,0.6530838651638283
200,44 52,2294100,0.024305555555555556,1970-01-27 14:50:00,-20710.429807033393,0.7027717059628834
201,238 580,2274900,0.006944444444444444,1970-01-27 09:05:00,-20710.669390448194,0.6886563498942192
202,243 292 325 427,2293200,0.010416666666666666,1970-01-27 14:15:00,-20710.454112749445,0.6640872856482387
203,41 644,2289600,0.010416666666666666,1970-01-27 13:15:00,-20710.495779484387,0.6745142348719558
204,441 461,2294100,0.006944444444444444,1970-01-27 14:25:00,-20710.447168464387,0.6478425092318242
205,100 195,2287800,0.010416666666666666,1970-01-27 12:45:00,-20710.516612954132,0.6463072005479771
206,105 243 427,2290500,0.010416666666666666,1970-01-27 13:30:00,-20710.485363049986,0.6856026874534269
207,105 493,2290500,0.010416666666666666,1970-01-27 13:30:00,-20710.485363123935,0.6923523367948942
208,175 292 309 435,2275200,0.006944444444444444,1970-01-27 09:10:00,-20710.665918725255,0.6698764446307928
209,119 292,2282700,0.010416666666666666,1970-01-27 11:20:00,-20710.57564107604,0.6331659199617138
210,175 292 309 325 427,2293200,0.008680555555555556,1970-01-27 14:12:30,-20710.45584947117,0.641654851484597
211,243 292 520,2293200,0.010416666666666666,1970-01-27 14:15:00,-20710.454113489744,0.6773274366119223
212,243 648,2293800,0.006944444444444444,1970-01-27 14:20:00,-20710.450641314408,0.7342739213010147
213,292 309 427 493,2291700,0.010416666666666666,1970-01-27 13:50:00,-20710.471474705384,0.6839091877896136
214,461 580,2297400,0.006944444444444444,1970-01-27 15:20:00,-20710.408974798356,0.6623795828188567
215,6 27,2295900,0.010416666666666666,1970-01-27 15:00:00,-20710.42286373876,0.6862617592312541
216,78 149,2301900,0.010416666666666666,1970-01-27 16:40:00,-20710.353419368323,0.6788354569181398
217,105 175 292 309,2290500,0.010416666666666666,1970-01-27 13:30:00,-20710.485363899224,0.6721469926525709
218,158 644,2289600,0.013888888888888888,1970-01-27 13:20:00,-20710.492308389894,0.640626028021912
219,178 383,2305800,0.010416666666666666,1970-01-27 17:45:00,-20710.30828072017,0.6605101417349322
220,243 292 309 435,2275200,0.010416666666666666,1970-01-27 09:15:00,-20710.662447438357,0.6902840425424713
221,105 175 243 309,2290500,0.010416666666666666,1970-01-27 13:30:00,-20710.485364181226,0.671547619840952
222,175 243 309 493,2291700,0.010416666666666666,1970-01-27 13:50:00,-20710.471475384584,0.6677124493224517
223,175 243 325,2293200,0.010416666666666666,1970-01-27 14:15:00,-20710.454114330543,0.6357085550130182
224,34 243,2291700,0.010416666666666666,1970-01-27 13:50:00,-20710.471475546794,0.6610278637358349
225,383 438,2301900,0.006944444444444444,1970-01-27 16:35:00,-20710.356892266736,0.67151873587704
226,386 643,2297100,0.010416666666666666,1970-01-27 15:20:00,-20710.408975669343,0.7038652472144277
227,92 386 676,2283000,0.010416666666666666,1970-01-27 11:25:00,-20710.572170213956,0.6951810427440183
228,105 243 292 427,2290500,0.010416666666666666,1970-01-27 13:30:00,-20710.48536472462,0.6844933056591881
229,105 243 309 427,2290500,0.010416666666666666,1970-01-27 13:30:00,-20710.48536482788,0.6844757296241436
230,243 292 309 520,2293200,0.010416666666666666,1970-01-27 14:15:00,-20710.454114880406,0.6758847523895157
231,243 309 325 427,2293200,0.010416666666666666,1970-01-27 14:15:00,-20710.45411493081,0.6599091368576987
232,272 383,2347200,0.010416666666666666,1970-01-28 05:15:00,-20709.82911502509,0.6675635658046072
233,309 427 435,2275200,0.006944444444444444,1970-01-27 09:10:00,-20710.665920631807,0.6850620495645429
234,10 461,2285700,0.003472222222222222,1970-01-27 12:00:00,-20710.54786514316,0.6474263835262207
235,105 175 243 292,2290500,0.010416666666666666,1970-01-27 13:30:00,-20710.48536523735,0.6709719240504514
236,105 435,2275200,0.010416666666666666,1970-01-27 09:15:00,-20710.662448627234,0.6876440494288817
237,119 309,2282700,0.010416666666666666,1970-01-27 11:20:00,-20710.575643153217,0.6272623002573142
238,175 243 292 493,2291700,0.010416666666666666,1970-01-27 13:50:00,-20710.471476554147,0.6676949145163095
239,433 489,2289900,0.010416666666666666,1970-01-27 13:20:00,-20710.492309938265,0.6731688448378733
240,6 569,2295900,0.013888888888888888,1970-01-27 15:05:00,-20710.41939339874,0.6618778083998066
241,105 175 427,2290500,0.010416666666666666,1970-01-27 13:30:00,-20710.485365667984,0.665831182640286
242,175 427 493,2291700,0.010416666666666666,1970-01-27 13:50:00,-20710.471476858253,0.6617095546607812
243,243 427 493,2291700,0.010416666666666666,1970-01-27 13:50:00,-20710.471476936935,0.6785669076860708
244,292 309 427 435,2275200,0.006944444444444444,1970-01-27 09:10:00,-20710.665921426043,0.6839296045139447
245,105 175 243 292 309,2290500,0.010416666666666666,1970-01-27 13:30:00,-20710.485365977638,0.670392680093285
246,105 243 292 309 427,2290500,0.010416666666666666,1970-01-27 13:30:00,-20710.48536603338,0.6833528940649376
247,136 286,2291700,0.027777777777777776,1970-01-27 14:15:00,-20710.45411608258,0.753507105499451
248,175 243 292 309 493,2291700,0.010416666666666666,1970-01-27 13:50:00,-20710.471477299816,0.666350451889846
249,243 292 309 325 427,2293200,0.010416666666666666,1970-01-27 14:15:00,-20710.454116235105,0.6592996284050976
250,34 175 309,2291700,0.010416666666666666,1970-01-27 13:50:00,-20710.47147744661,0.6422621959547761
251,41 615,2109000,0.006944444444444444,1970-01-25 11:00:00,-20712.589533084974,0.669755189043517
252,166 383,2285100,0.010416666666666666,1970-01-27 12:00:00,-20710.54786649529,0.6159745598935988
253,175 309 520,2293200,0.010416666666666666,1970-01-27 14:15:00,-20710.45411659883,0.6574209309148749
254,264 292,2291700,0.010416666666666666,1970-01-27 13:50:00,-20710.47147776206,0.6091864337887994
255,278 514,2323500,0.010416666666666666,1970-01-27 22:40:00,-20710.10342235235,0.6271205924279835
256,100 416,2342400,0.013888888888888888,1970-01-28 04:00:00,-20709.881200176296,0.6318475063520608
257,175 243 292 325,2293200,0.010416666666666666,1970-01-27 14:15:00,-20710.45411690904,0.6343235231871798
258,175 309 427 493,2291700,0.010416666666666666,1970-01-27 13:50:00,-20710.471478102732,0.660334441879355
259,467 476,2134800,0.010416666666666666,1970-01-25 18:15:00,-20712.287450387987,0.6655932685414298
260,105 292 325,2290500,0.010416666666666666,1970-01-27 13:30:00,-20710.48536715249,0.6645060252323547
261,119 243,2282700,0.010416666666666666,1970-01-27 11:20:00,-20710.57564498523,0.6319070710517238
262,175 243 309 325,2293200,0.010416666666666666,1970-01-27 14:15:00,-20710.45411728985,0.6313059835085805
263,175 292 427 493,2291700,0.010416666666666666,1970-01-27 13:50:00,-20710.47147848007,0.661094743029663
264,175 292 520,2293200,0.010416666666666666,1970-01-27 14:15:00,-20710.454117423495,0.6564898947807629
265,196 383,2283300,0.010416666666666666,1970-01-27 11:30:00,-20710.568700868356,0.6719572924797362
266,34 243 309,2291700,0.010416666666666666,1970-01-27 13:50:00,-20710.471478694664,0.6581182407988969
267,41 48 383,2282700,0.010416666666666666,1970-01-27 11:20:00,-20710.57564542604,0.6444510109790285
268,493 520,2291700,0.010416666666666666,1970-01-27 13:50:00,-20710.471478851745,0.6723498839054443
269,105 175 292 427,2290500,0.010416666666666666,1970-01-27 13:30:00,-20710.48536778736,0.6630827086596706
270,105 309 493,2290500,0.010416666666666666,1970-01-27 13:30:00,-20710.485367862442,0.6851930622423743
271,149 535,2293200,0.024305555555555556,1970-01-27 14:35:00,-20710.440229063413,0.7385475808892156
272,168 283,2292600,0.006944444444444444,1970-01-27 14:00:00,-20710.46453466986,0.6074346015027315
273,243 292 427 493,2291700,0.010416666666666666,1970-01-27 13:50:00,-20710.47147920213,0.6773108004990204
274,427 520,2293200,0.010416666666666666,1970-01-27 14:15:00,-20710.45411816191,0.6680582764436435
275,105 175 309 427,2290500,0.010416666666666666,1970-01-27 13:30:00,-20710.485368298287,0.6618011410104424
276,105 292 493,2290500,0.010416666666666666,1970-01-27 13:30:00,-20710.485368364178,0.6859279362174011
277,105 651,2360700,0.027777777777777776,1970-01-28 09:25:00,-20709.655507334606,0.7921199272295286
278,175 292 309 427 493,2291700,0.010416666666666666,1970-01-27 13:50:00,-20710.471479625117,0.6597116236692903
279,325 493,2291700,0.010416666666666666,1970-01-27 13:50:00,-20710.47147967186,0.6541607794258326
280,88 476,2134800,0.010416666666666666,1970-01-25 18:15:00,-20712.28745202361,0.6281221172061104
281,175 292 309 520,2293200,0.010416666666666666,1970-01-27 14:15:00,-20710.454118741563,0.6551981401480221
282,243 309 427 493,2291700,0.010416666666666666,1970-01-27 13:50:00,-20710.471479923646,0.6758140441940771
283,467 659,2134800,0.010416666666666666,1970-01-25 18:15:00,-20712.287452233184,0.6396125082825768
284,88 665,2129700,0.006944444444444444,1970-01-25 16:45:00,-20712.34995229281,0.6085900420302306
285,105 175 243 427,2290500,0.010416666666666666,1970-01-27 13:30:00,-20710.485369067246,0.6611598149806476
286,105 243 493,2290500,0.010416666666666666,1970-01-27 13:30:00,-20710.485369117072,0.6825829227613489
287,105 520,2290800,0.010416666666666666,1970-01-27 13:35:00,-20710.481896941423,0.6744213991430347
288,175 243 292 309 325,2293200,0.010416666666666666,1970-01-27 14:15:00,-20710.454119268903,0.6306422495786933
289,175 243 309 435,2275200,0.010416666666666666,1970-01-27 09:15:00,-20710.66245264897,0.6614788220901632
290,175 243 309 520,2293200,0.010416666666666666,1970-01-27 14:15:00,-20710.454119363912,0.6529366887303483
291,175 243 325 427,2293200,0.010416666666666666,1970-01-27 14:15:00,-20710.45411946191,0.6296839530263044
292,23 179,2416200,0.020833333333333332,1970-01-29 00:40:00,-20709.02009173787,0.6694694713137017
293,34 175 292,2291700,0.010416666666666666,1970-01-27 13:50:00,-20710.471480713797,0.640689209151941
294,34 243 292,2291700,0.010416666666666666,1970-01-27 13:50:00,-20710.471480798205,0.6559856984117209
295,644 688,2289600,0.010416666666666666,1970-01-27 13:15:00,-20710.49578640272,0.6610155730914897
296,72 78,2301900,0.006944444444444444,1970-01-27 16:35:00,-20710.35689766037,0.677881061329149
297,105 175 292 309 427,2290500,0.010416666666666666,1970-01-27 13:30:00,-20710.485369923972,0.6605677025185723
298,105 309 325,2290500,0.010416666666666666,1970-01-27 13:30:00,-20710.485370006518,0.6561036486897004
299,242 276,2310900,0.006944444444444444,1970-01-27 19:05:00,-20710.25273119051,0.7225011444655295
300,243 292 309 427 493,2291700,0.010416666666666666,1970-01-27 13:50:00,-20710.47148124787,0.6752028143651625
301,27 569,2295900,0.010416666666666666,1970-01-27 15:00:00,-20710.422870242615,0.6722186671112484
302,34 243 292 309,2291700,0.010416666666666666,1970-01-27 13:50:00,-20710.471481398265,0.6559856984117209
303,10 238,2276100,0.006944444444444444,1970-01-27 09:25:00,-20710.655509256354,0.6317501206209577
304,105 175 243 309 427,2290500,0.010416666666666666,1970-01-27 13:30:00,-20710.485370459042,0.6605410864479901
305,119 292 309,2282700,0.010416666666666666,1970-01-27 11:20:00,-20710.575648281643,0.6221153496065415
306,175 243 292 520,2293200,0.010416666666666666,1970-01-27 14:15:00,-20710.454120580198,0.6522059378749911
307,175 264,2291700,0.010416666666666666,1970-01-27 13:50:00,-20710.471481753888,0.5998730482632508
308,207 476,2305800,0.013888888888888888,1970-01-27 17:50:00,-20710.304815141575,0.6484897210519732
309,231 493,2291100,0.010416666666666666,1970-01-27 13:40:00,-20710.478426337395,0.6583134941277944
310,238 283 441,2199000,0.006944444444444444,1970-01-26 12:00:00,-20711.547870856666,0.6258590102298852
311,243 427 435,2275200,0.006944444444444444,1970-01-27 09:10:00,-20710.665926490175,0.6765508455982169
312,243 427 520,2293200,0.010416666666666666,1970-01-27 14:15:00,-20710.45412103096,0.6645443164907121
313,34 175 292 309,2291700,0.010416666666666666,1970-01-27 13:50:00,-20710.471482187822,0.6400233043992073
314,476 659,2287800,0.010416666666666666,1970-01-27 12:45:00,-20710.516621201426,0.5976008889006557
315,10 283,2285700,0.006944444444444444,1970-01-27 12:05:00,-20710.544399048555,0.5917820858667239
316,105 175 243 292 427,2290500,0.010416666666666666,1970-01-27 13:30:00,-20710.48537137082,0.6599184952463719
317,105 243 309 493,2290500,0.010416666666666666,1970-01-27 13:30:00,-20710.485371426203,0.6812741638060251
318,105 292 309 493,2290500,0.010416666666666666,1970-01-27 13:30:00,-20710.485371502768,0.6824878578101746
319,175 243 292 435,2275200,0.010416666666666666,1970-01-27 09:15:00,-20710.662454944246,0.6597748212489789
320,175 427 435,2275200,0.006944444444444444,1970-01-27 09:10:00,-20710.665927210393,0.6556944398452753
321,22 424,2154300,0.022569444444444444,1970-01-25 23:57:30,-20712.04960785425,0.7152417143861449
322,292 427 520,2293200,0.010416666666666666,1970-01-27 14:15:00,-20710.454121813276,0.6627993301680001
323,309 427 520,2293200,0.010416666666666666,1970-01-27 14:15:00,-20710.454121864343,0.6621387708977884
324,34 105,2290500,0.010416666666666666,1970-01-27 13:30:00,-20710.485371973497,0.6562784450781963
325,34 175 427,2291700,0.010416666666666666,1970-01-27 13:50:00,-20710.471483131703,0.6254624483535246
326,41 158,2289600,0.010416666666666666,1970-01-27 13:15:00,-20710.495788780903,0.6264543373231222
327,105 243 435,2275200,0.010416666666666666,1970-01-27 09:15:00,-20710.66245552389,0.679459329907025
328,105 292 309 325,2290500,0.010416666666666666,1970-01-27 13:30:00,-20710.48537223861,0.6554735591825688
329,158 330,2285100,0.010416666666666666,1970-01-27 12:00:00,-20710.547872317802,0.6227420488687632
330,168 580,2292600,0.006944444444444444,1970-01-27 14:00:00,-20710.464539055774,0.6602314556794293
331,175 243 292 325 427,2293200,0.010416666666666666,1970-01-27 14:15:00,-20710.45412243397,0.6290112877940388
332,175 243 427 493,2291700,0.010416666666666666,1970-01-27 13:50:00,-20710.471483662717,0.6552042797218269
333,243 264,2291700,0.010416666666666666,1970-01-27 13:50:00,-20710.471483707628,0.5983792996134324
334,359 700,2305800,0.024305555555555556,1970-01-27 18:05:00,-20710.2944004403,0.7409288557423679
335,105 175 243 292 309 427,2290500,0.010416666666666666,1970-01-27 13:30:00,-20710.48537275734,0.6592918737537543
336,105 243 292 493,2290500,0.010416666666666666,1970-01-27 13:30:00,-20710.485372802035,0.6812742371857416
337,175 243 292 309 435,2275200,0.010416666666666666,1970-01-27 09:15:00,-20710.662456221413,0.6585026717044734
338,175 243 292 309 520,2293200,0.010416666666666666,1970-01-27 14:15:00,-20710.454123052292,0.6506328316232131
339,243 292 427 435,2275200,0.010416666666666666,1970-01-27 09:15:00,-20710.66245647037,0.6753161050232956
340,276 558,2406000,0.034722222222222224,1970-01-28 22:10:00,-20709.124262076515,0.718641733512939
341,41 383 644,2283300,0.012152777777777776,1970-01-27 11:32:30,-20710.56697047537,0.6604874236337338
342,52 148,2294100,0.027777777777777776,1970-01-27 14:55:00,-20710.426345560256,0.7330146132420718
